OBJECTID_12_13,Plant_ID,Plant_Alias,Plant_Label,MW,Gross_MWh,Net_MWh,General_Fuel,Status,STEP_License_Status,Gen_Count,Initial_Start_Date,Online_Year,Retire_Date,Docket_ID,CEC_Sited_Flag,STEP_Project_Type,REAT_ID,WREGIS_ID,County,State_,Peaker,Renewable_Energy,CEC_Jurisdictional_Plant,CEC_Data_Source,Wind_Resource,LRA,Sub_Area,Service_Area,Service_Category,Caliso_Balancing_Authorities,Air_District,Air_Basin,Quad,Senate_District,Assembly_District,Congressional_District,CES30_PercentileRange,CES30_Percentile,Website,CEC_Link,Aerial,C_Comments,Longitude,Latitude,Elevation,Operation_Job,Property_Tax,Capacity_Factor,Income_Percent,Project_Location,Creator,Creator_Date,Last_Editor,Last_Editor_Date,GlobalID
1,W0464,,El Cabo,298.2,,,Wind,Operating,,,,,,,N,,,,Torrance,NM,,1.0,0.0,QFER,,,,,,,,,,,,,,,,,"<a href="""">Google Earth</a>",,-105.46167026,34.65111203,,,,,,,cecgis,1581101982706,cecgis,1581101982706,0da84d14-5867-4396-8004-5ce07b6d6dd9
674,W0359,Kumeyaay; Kumeyaay Wind; Kumeyaay Wind Energy Facility; Kumeyaay Wind Power Project,Kumeyaay,50.0,155200.97,155201.0,Wind,Operating,,1.0,1135123200000.0,2005.0,,,N,,G-13,W138,San Diego,CA,0.0,1.0,0.0,WPRS,East San Diego,San Diego/ IV Area,San Diego,San Diego Gas & Electric,IOU,CALISO,San Diego County Air Pollution Control District,San Diego County,Live Oak Springs,Senate District 40,Assembly District 71,Congressional District 51,55-60%,55.0,,,"<a href="""">Google Earth</a>",,-116.34524925,32.73237566,1391.70043497,,,0.35337204,66.0,Neither Low Income Nor Disadvantaged Community,cecgis,1581101982706,cecgis,1581101982706,d4ee4d2f-7253-4169-805b-6f41da49f232
675,W0390,,Golden Acorn Casino,1.0,4113.98,4114.0,Wind,Operating,,1.0,1303344000000.0,2011.0,,,N,,G-13,W4265,San Diego,CA,0.0,1.0,0.0,WPRS,East San Diego,San Diego/ IV Area,San Diego,San Diego Gas & Electric,IOU,CALISO,San Diego County Air Pollution Control District,San Diego County,Live Oak Springs,Senate District 40,Assembly District 71,Congressional District 51,55-60%,55.0,,,"<a href="""">Google Earth</a>",,-116.35136795,32.70141212,1264.90648686,,,0.46835155,66.0,Neither Low Income Nor Disadvantaged Community,cecgis,1581101982706,cecgis,1581101982706,f0db0dca-a275-4cbc-a2b9-b066daec8060
761,W0369,Hatchet Ridge Wind Project; Hatchet Ridge Wind Farm; Hatchet Ridge; Hatchet Ridge Wind Farm,Hatchet Ridge,101.2,258503.0,258503.0,Wind,Operating,,1.0,1290124800000.0,2010.0,,,N,,C-3,W1600,Shasta,CA,0.0,1.0,0.0,WPRS,,,,Pacific Gas & Electric Company,IOU,CALISO,Shasta County Air Quality Management District,Sacramento Valley,Chalk Mountain,Senate District 1,Assembly District 1,Congressional District 1,50-55%,51.0,,,"<a href="""">Google Earth</a>",,-121.81377197,40.90904039,1675.0048348,,,0.29079889,61.0,Neither Low Income Nor Disadvantaged Community,cecgis,1581101982706,cecgis,1581101982706,af1e3d9c-5fdf-4fe0-8ad5-b12537891e19
923,W0355,High Winds LLC; High Winds Energy Center; High Winds Project,High Winds,162.0,345306.0,345306.0,Wind,Operating,,1.0,1072137600000.0,2003.0,,,N,,C-7,W229,Solano,CA,0.0,1.0,0.0,WPRS,Solano,Greater Bay,Pittsburgh / Oakland,Pacific Gas & Electric Company,IOU,CALISO,Yolo Solano Air Quality Management District,Sacramento Valley,Birds Landing,Senate District 3,Assembly District 11,Congressional District 3,70-75%,74.0,,,"<a href="""">Google Earth</a>",,-121.81085413,38.14036856,87.34259085,,,0.24265921,97.0,Neither Low Income Nor Disadvantaged Community,cecgis,1581101982706,cecgis,1581101982706,a32f67fd-1498-4bfa-b8d8-73b94fdb0bbf
924,W0356,SMUD Solano Phase 1; Solano Wind Plant III; Solano Wind Phase 3; Solano 3 Wind Project; Solano Wind 1; Montezuma Hills - SMUD; Solano Wind Phase 1 (SMUD),Solano 3,127.8,353149.55,353150.0,Wind,Operating,,1.0,1334707200000.0,2012.0,,,N,,C-7,W2756,Solano,CA,0.0,1.0,0.0,WPRS,Solano,Greater Bay,Pittsburgh / Oakland,Pacific Gas & Electric Company,IOU,CALISO,Yolo Solano Air Quality Management District,Sacramento Valley,Birds Landing,Senate District 3,Assembly District 11,Congressional District 3,70-75%,74.0,,,"<a href="""">Google Earth</a>",,-121.76722815,38.12649688,59.63309774,,,0.31458356,97.0,Neither Low Income Nor Disadvantaged Community,cecgis,1581101982706,cecgis,1581101982706,25ed9e61-b7ef-4b08-a1c1-1809a8567e70
925,W0371,Montezuma Wind Energy Center,FPL - Montezuma ,36.8,100413.0,100413.0,Wind,Operating,,1.0,1295913600000.0,2011.0,,,N,,C-7,W1745,Solano,CA,0.0,1.0,0.0,WPRS,Solano,Greater Bay,Pittsburgh / Oakland,Pacific Gas & Electric Company,IOU,CALISO,Yolo Solano Air Quality Management District,Sacramento Valley,Birds Landing,Senate District 3,Assembly District 11,Congressional District 3,70-75%,74.0,,,"<a href="""">Google Earth</a>",,-121.80061759,38.16626671,62.00309246,,,0.31063458,97.0,Neither Low Income Nor Disadvantaged Community,cecgis,1581101982706,cecgis,1581101982706,e8a3715f-af4f-4443-bd77-6c498013c39b
926,W0381,Enxco V Bis; Enxco V Repower,Enxco V,9.0,,,Wind,Operating,,,,,,,N,,C-7,,Solano,CA,,1.0,0.0,QFER,Solano,Greater Bay,Pittsburgh / Oakland,Pacific Gas & Electric Company,IOU,CALISO,Yolo Solano Air Quality Management District,Sacramento Valley,Birds Landing,Senate District 3,Assembly District 11,Congressional District 3,70-75%,74.0,,,"<a href="""">Google Earth</a>",Location unsure,-121.83342169,38.15153984,79.74187902,,,,97.0,Neither Low Income Nor Disadvantaged Community,cecgis,1581101982706,cecgis,1581101982706,37178f44-355e-4955-8e84-2c251d59e740
927,W0422,Shiloh IV Wind Project; Shiloh IV Wind Project,Shiloh IV,102.5,299995.23,299995.0,Wind,Operating,,1.0,1324512000000.0,2011.0,,,N,,C-7,W2780,Solano,CA,0.0,1.0,0.0,WPRS,Solano,Greater Bay,Pittsburgh / Oakland,Pacific Gas & Electric Company,IOU,CALISO,Yolo Solano Air Quality Management District,Sacramento Valley,Birds Landing,Senate District 3,Assembly District 11,Congressional District 3,70-75%,74.0,,,"<a href="""">Google Earth</a>",,-121.84066145,38.14560515,77.63517755,,,0.3331945,97.0,Neither Low Income Nor Disadvantaged Community,cecgis,1581101982706,cecgis,1581101982706,b9c37413-969f-4a5b-aee3-cd69fa7d6f9a
929,W0380,"EDF Renewable Windfarm V, Inc; EDF Renewable Windfarm V, Inc",EDF Renewable V,15.5,3484.33,3484.0,Wind,Operating,,1.0,631152000000.0,1990.0,,,N,,C-7,,Solano,CA,0.0,1.0,0.0,WPRS,Solano,Greater Bay,Pittsburgh / Oakland,Pacific Gas & Electric Company,IOU,CALISO,Yolo Solano Air Quality Management District,Sacramento Valley,Antioch North,Senate District 3,Assembly District 11,Congressional District 3,70-75%,74.0,,,"<a href="""">Google Earth</a>",,-121.83501499,38.11851175,86.67200159,,,0.02558905,97.0,Neither Low Income Nor Disadvantaged Community,cecgis,1581101982706,cecgis,1581101982706,5d7eccb7-569f-4fb2-b4e6-5a27c7bf89b1
930,W0392,Montezuma II Wind Energy Center; NextEra Energy Montezuma Wind II; Montezuma II Brdsld 2 Mtzum2,Montezuma II,78.2,225977.0,225977.0,Wind,Operating,,1.0,410227200000.0,1983.0,,,N,,C-7,W2400,Solano,CA,0.0,1.0,0.0,WPRS,Solano,Greater Bay,Pittsburgh / Oakland,Pacific Gas & Electric Company,IOU,CALISO,Yolo Solano Air Quality Management District,Sacramento Valley,Antioch North,Senate District 3,Assembly District 11,Congressional District 3,70-75%,74.0,,,"<a href="""">Google Earth</a>",,-121.8129827,38.11393423,77.72646332,,,0.32897671,97.0,Neither Low Income Nor Disadvantaged Community,cecgis,1581101982706,cecgis,1581101982706,e890d031-0064-4a94-ae75-9b4b622b679d
937,W0398,Foundation AB,Anheuser Busch 1,1.5,2581.95,2582.0,Wind,Operating,,1.0,1322697600000.0,2011.0,,,N,,B-6,W2605,Solano,CA,0.0,1.0,0.0,WPRS,,,,Pacific Gas & Electric Company,IOU,CALISO,Bay Area Air Quality Management District,San Francisco Bay,Fairfield South,Senate District 3,Assembly District 11,Congressional District 3,40-45%,42.0,,,"<a href="""">Google Earth</a>",,-122.08924782,38.23228713,8.38422982,,,0.19596236,156.0,Neither Low Income Nor Disadvantaged Community,cecgis,1581101982706,cecgis,1581101982706,c3af3e88-6198-4f6e-b7d3-38e091531ef4
938,W0456,,Anheuser Busch 2,1.6,3510.6,3511.0,Wind,Operating,,1.0,631065600000.0,1989.0,,,N,,B-6,,Solano,CA,0.0,1.0,0.0,QFER,,,,Pacific Gas & Electric Company,IOU,CALISO,Bay Area Air Quality Management District,San Francisco Bay,Fairfield South,Senate District 3,Assembly District 11,Congressional District 3,40-45%,42.0,,,"<a href="""">Google Earth</a>",,-122.09211097,38.23351219,8.68303781,,,0.249815,156.0,Neither Low Income Nor Disadvantaged Community,cecgis,1581101982706,cecgis,1581101982706,5e9b3910-74a5-4096-93fc-42cda6ed8bc4
945,W0384,"Shiloh II & III; Shiloh Wind Project 2, LLC",Shiloh II,153.75,420588.82,420589.0,Wind,Operating,,1.0,852076800000.0,1997.0,,,N,,C-7,W811,Solano,CA,0.0,1.0,0.0,WPRS,Solano,Greater Bay,Pittsburgh / Oakland,Pacific Gas & Electric Company,IOU,CALISO,Bay Area Air Quality Management District,San Francisco Bay,Birds Landing,Senate District 3,Assembly District 11,Congressional District 3,70-75%,74.0,,,"<a href="""">Google Earth</a>",,-121.86958993,38.17891905,47.32669576,,,0.31142284,97.0,Neither Low Income Nor Disadvantaged Community,cecgis,1581101982706,cecgis,1581101982706,7c7b4a10-d943-4eb4-b7b7-b4318dee3aa1
946,W0421,,Shiloh III,102.5,284462.7,284463.0,Wind,Operating,,1.0,1355961600000.0,2012.0,,,N,,C-7,W2142,Solano,CA,0.0,1.0,0.0,WPRS,Solano,Greater Bay,Pittsburgh / Oakland,Pacific Gas & Electric Company,IOU,CALISO,Bay Area Air Quality Management District,San Francisco Bay,Birds Landing,Senate District 3,Assembly District 11,Congressional District 3,70-75%,74.0,,,"<a href="""">Google Earth</a>",,-121.86316261,38.16603699,51.28357746,,,0.31594362,97.0,Neither Low Income Nor Disadvantaged Community,cecgis,1581101982706,cecgis,1581101982706,43636378-527c-444c-9f86-6d2540f1f0ee
948,W0357,SMUD Solano Phase 2; Solano Wind; Solano Wind Farm; Solano Wind Facility; Solano Wind Phase 1 & 2; Solano Wind Phase 2B (SMUD),Solano 1 & 2,102.18,211632.15,211632.0,Wind,Operating,,1.0,757382400000.0,1994.0,,,N,,C-7,W219,Solano,CA,0.0,1.0,0.0,WPRS,Solano,Greater Bay,Pittsburgh / Oakland,Pacific Gas & Electric Company,IOU,CALISO,Bay Area Air Quality Management District,San Francisco Bay,Antioch North,Senate District 3,Assembly District 11,Congressional District 3,70-75%,74.0,,,"<a href="""">Google Earth</a>",,-121.76067634,38.11031078,46.81998582,,,0.23578877,97.0,Neither Low Income Nor Disadvantaged Community,cecgis,1581101982706,cecgis,1581101982706,3e0cef07-faf9-4b54-ac26-5608427dbbe1
949,W0358,"Victory Garden Prtnr PHIV; Shiloh I Wind Project; Shiloh Wind Partners, LLC; Shiloh I Wind Project",Shiloh I,150.0,387676.48,387676.0,Wind,Operating,,1.0,1143676800000.0,2006.0,,,N,,C-7,W231,Solano,CA,0.0,1.0,0.0,WPRS,Solano,Greater Bay,Pittsburgh / Oakland,Pacific Gas & Electric Company,IOU,CALISO,Bay Area Air Quality Management District,San Francisco Bay,Antioch North,Senate District 3,Assembly District 11,Congressional District 3,70-75%,74.0,,,"<a href="""">Google Earth</a>",,-121.85638569,38.11615308,69.44417836,,,0.2942289,97.0,Neither Low Income Nor Disadvantaged Community,cecgis,1581101982706,cecgis,1581101982706,14986893-3f8c-4dd2-b0e1-af45ad0c05f1
953,W0405,Foundation Superior Farms,Superior Farms,1.0,1596.5,1597.0,Wind,Operating,,1.0,1354320000000.0,2012.0,,,N,,C-6,W3215,Solano,CA,0.0,1.0,0.0,WPRS,,,,Pacific Gas & Electric Company,IOU,CALISO,Yolo Solano Air Quality Management District,Sacramento Valley,Dixon,Senate District 3,Assembly District 4,Congressional District 3,50-55%,53.0,,,"<a href="""">Google Earth</a>",,-121.81746687,38.42012889,15.76980453,,,0.18180783,99.0,Neither Low Income Nor Disadvantaged Community,cecgis,1581101982706,cecgis,1581101982706,69e2b987-4ef4-480a-a9ec-929f424e7032
1190,W0394,Vasco Winds; Uswpjr_2_Units,Vasco,78.2,210358.0,210358.0,Wind,Operating,,1.0,567993600000.0,1988.0,,,N,,C-7,W2401,Contra Costa,CA,0.0,1.0,0.0,WPRS,Altamont,Greater Bay,Contra Costa,Pacific Gas & Electric Company,IOU,CALISO,Bay Area Air Quality Management District,San Francisco Bay,Byron Hot Springs,Senate District 7,Assembly District 14,Congressional District 11,1-5% (lowest scores),2.0,,,"<a href="""">Google Earth</a>",,-121.72312249,37.78884417,372.837757,,,0.30623862,270.0,Neither Low Income Nor Disadvantaged Community,cecgis,1581101982706,cecgis,1581101982706,62838264-96f4-4446-98ba-637c25de6227
1192,W0426,Buena Vista Energy LLC; Buena Vista Energy Windfarm; Buena Vista Repower Wind,Buena Vista Wind 2,38.0,98291.39,98291.0,Wind,Operating,,1.0,1114905600000.0,2005.0,,,N,,C-7,W165,Contra Costa,CA,0.0,1.0,0.0,WPRS,Altamont,Greater Bay,Contra Costa,Pacific Gas & Electric Company,IOU,CALISO,Bay Area Air Quality Management District,San Francisco Bay,Byron Hot Springs,Senate District 7,Assembly District 14,Congressional District 11,55-60%,56.0,,,"<a href="""">Google Earth</a>",,-121.65839462,37.80868023,135.71557345,,,0.29446781,118.0,Neither Low Income Nor Disadvantaged Community,cecgis,1581101982706,cecgis,1581101982706,4043b125-b812-4327-82a5-af145be5ce8f
1320,W0391,"Edom Hills Project 1; Edom Hills Project 1, LLC",Edom Hills 1,20.0,37700.43,37700.0,Wind,Operating,,1.0,410227200000.0,1983.0,,,N,,G-12,W517,Riverside,CA,0.0,1.0,0.0,WPRS,San Gorgonio,LA Basin,West of Devers,Southern California Edison,IOU,CALISO,South Coast Air Quality Management District,Salton Sea,Seven Palms Valley,Senate District 28,Assembly District 56,Congressional District 36,15-20%,16.0,,,"<a href="""">Google Earth</a>",,-116.45964328,33.88521005,234.29099332,,,0.21459472,83.0,Neither Low Income Nor Disadvantaged Community,cecgis,1581101982706,cecgis,1581101982706,f1bf92f0-5846-4d20-8b60-b3b1463513f7
1357,W0258,Cabazon Wind Partners; Cabazon Wind Project; Cabazon 1,Cabazon 1,40.92,113363.85,113364.0,Wind,Operating,,1.0,470880000000.0,1984.0,,,N,,G-12,W834,Riverside,CA,0.0,1.0,0.0,WPRS,San Gorgonio,LA Basin,West of Devers,Southern California Edison,IOU,CALISO,South Coast Air Quality Management District,Salton Sea,White Water,Senate District 28,Assembly District 42,Congressional District 36,25-30%,27.0,,,"<a href="""">Google Earth</a>",,-116.71055672,33.91506891,418.31802306,,,0.31538948,105.0,Neither Low Income Nor Disadvantaged Community,cecgis,1581101982706,cecgis,1581101982706,edf672a5-e0ba-42ff-ad77-ad058d83d6e5
1358,W0260,"Mesa Wind Power Corporation; Mesa Wind Developers; Zond Systems, Inc; Mesa Wind Farm",Mesa,29.9,5055.22,5055.0,Wind,Operating,,1.0,470534400000.0,1984.0,,,N,,G-11,W507,Riverside,CA,0.0,1.0,0.0,WPRS,San Gorgonio,LA Basin,West of Devers,Southern California Edison,IOU,CALISO,South Coast Air Quality Management District,Salton Sea,White Water,Senate District 28,Assembly District 42,Congressional District 36,35-40%,39.0,,,"<a href="""">Google Earth</a>",,-116.67673339,33.94696233,769.42139629,,,0.01924676,,,cecgis,1581101982706,cecgis,1581101982706,bf81ac9d-b171-41aa-8cc9-85b206821b14
1364,W0382,Alta Mesa Phase 3; Alta Mesa Project Phase IV; Alta Mesa Project Phase 3,Alta Mesa III,9.5,14449.06,14449.0,Wind,Operating,,1.0,852076800000.0,1997.0,,,N,,G-11,,Riverside,CA,0.0,1.0,0.0,WPRS,San Gorgonio,LA Basin,West of Devers,Southern California Edison,IOU,CALISO,South Coast Air Quality Management District,Salton Sea,White Water,Senate District 28,Assembly District 42,Congressional District 36,35-40%,39.0,,,"<a href="""">Google Earth</a>",Location unsure,-116.66331435,33.94501635,841.82490207,,,0.17314975,,,cecgis,1581101982706,cecgis,1581101982706,49c54ceb-e567-4eb6-8fe4-f7604046c366
1365,W0448,Aeroturbine,Aeroturbine,4.7,,,Wind,Operating,,,,,,,N,,G-12,,Riverside,CA,,1.0,0.0,WPRS,San Gorgonio,LA Basin,West of Devers,Southern California Edison,IOU,CALISO,South Coast Air Quality Management District,Salton Sea,White Water,Senate District 28,Assembly District 42,Congressional District 36,35-40%,39.0,,,"<a href="""">Google Earth</a>",,-116.63292548,33.91359711,373.27355382,,,,,,cecgis,1581101982706,cecgis,1581101982706,4e9857e3-ce8d-4282-b85c-8219daf4a526
1366,W0452,"Cabazon Wind Farm; FPL Energy Cabazon Wind, LLC; Cabazon Wind, LLC; Cabazon Wind Farm",Cabazon Wind,38.85,80187.15,80187.0,Wind,Operating,,1.0,470880000000.0,1984.0,,,N,,G-12,W492,Riverside,CA,0.0,1.0,0.0,WPRS,San Gorgonio,LA Basin,West of Devers,Southern California Edison,IOU,CALISO,South Coast Air Quality Management District,Salton Sea,White Water,Senate District 28,Assembly District 42,Congressional District 36,25-30%,27.0,,,"<a href="""">Google Earth</a>",,-116.7183585,33.91488389,426.33228371,,,0.23497444,105.0,Neither Low Income Nor Disadvantaged Community,cecgis,1581101982706,cecgis,1581101982706,f5f01a5d-53cf-460f-bef7-5b31e8605850
1372,W0261,San Gorgonio Farms Wind Farm; San Gorgonio Farms Wind Farm; Whitewater Hill; Whitewater Hill 1; Section 7 Trust,San Gorgonio Farms 1,30.9,90533.62,90534.0,Wind,Operating,,1.0,415324800000.0,1983.0,,,N,,G-12,"W315, W316",Riverside,CA,0.0,1.0,0.0,WPRS,San Gorgonio,LA Basin,West of Devers,Southern California Edison,IOU,CALISO,South Coast Air Quality Management District,Salton Sea,Desert Hot Springs,Senate District 28,Assembly District 42,Congressional District 36,35-40%,39.0,,,"<a href="""">Google Earth</a>",,-116.61472475,33.92741879,470.29850013,,,0.33354997,,,cecgis,1581101982706,cecgis,1581101982706,f367f4a8-c143-451f-b45c-de6361bda40c
1373,W0268,EUIPH Wind Farm; Euiph Wind Farm,Euiph,25.24,40322.26,40322.0,Wind,Operating,,1.0,410227200000.0,1983.0,,,N,,G-11,W410,Riverside,CA,0.0,1.0,0.0,WPRS,San Gorgonio,LA Basin,West of Devers,Southern California Edison,IOU,CALISO,South Coast Air Quality Management District,Salton Sea,Desert Hot Springs,Senate District 28,Assembly District 42,Congressional District 36,35-40%,39.0,,,"<a href="""">Google Earth</a>",,-116.62347238,33.94212243,511.60419266,,,0.18186972,,,cecgis,1581101982706,cecgis,1581101982706,58832214-04e2-429c-98df-c99df35d3493
1374,W0277,"Pacific West 1 Wind Generation; Phoenix Wind Power LLC; Phoenix Wind; Section 20  Trust, Phoenix Wind West; Phoenix Energy Limited - Section 20 Trust",Phoenix Wind,2.1,0.0,,Wind,Operating,,1.0,474163200000.0,1985.0,,,N,,G-12,W235,Riverside,CA,0.0,1.0,0.0,WPRS,San Gorgonio,LA Basin,West of Devers,Southern California Edison,IOU,CALISO,South Coast Air Quality Management District,Salton Sea,Desert Hot Springs,Senate District 28,Assembly District 42,Congressional District 36,30-35%,32.0,,,"<a href="""">Google Earth</a>",,-116.57056658,33.93938522,340.08874545,,,,60.0,Low Income,cecgis,1581101982706,cecgis,1581101982706,555c3713-a3fc-488f-8315-cccaad4e424f
1375,W0278,"NAWP, Inc. (East Winds Project), East Winds Project, , East Winds Project - East Winds Project, NAWP Inc. [East Winds Proj]; Nawp, Inc., Nawp, Inc. (East Winds Project)",NAWP,3.0,7424.72,7425.0,Wind,Operating,,1.0,410227200000.0,1983.0,,,N,,G-12,W511,Riverside,CA,0.0,1.0,0.0,WPRS,San Gorgonio,LA Basin,West of Devers,Southern California Edison,IOU,CALISO,South Coast Air Quality Management District,Salton Sea,Desert Hot Springs,Senate District 28,Assembly District 42,Congressional District 36,25-30%,27.0,,,"<a href="""">Google Earth</a>",,-116.54807805,33.89172442,202.06492315,,,0.2817623,86.0,Neither Low Income Nor Disadvantaged Community,cecgis,1581101982706,cecgis,1581101982706,cb2f307c-cdaf-4712-8652-f38b2fc1cacf
1377,W0283,"San Gorgonio Westwinds II, LLC & Westwind Trust; Westwind Trust; San Gorgonio WWII LLC",San Gorgonio Westwinds II,43.4,120084.12,120084.0,Wind,Operating,,1.0,410227200000.0,1983.0,,,N,,G-12,"W518, W389",Riverside,CA,0.0,1.0,0.0,WPRS,San Gorgonio,LA Basin,West of Devers,Southern California Edison,IOU,CALISO,South Coast Air Quality Management District,Salton Sea,Desert Hot Springs,Senate District 28,Assembly District 42,Congressional District 36,30-35%,32.0,,,"<a href="""">Google Earth</a>",,-116.58326928,33.93537266,340.60126024,,,0.31499459,60.0,Low Income,cecgis,1581101982706,cecgis,1581101982706,d41db049-fa47-4330-afe0-d921a37b5c12
1378,W0286,"Karen Avenue Wind Project; Energy Development & Const. Corp; Energy Dev. & Construction, Energy Dev. & Const., Karen Avenue Wind Project",Karen Ave,11.7,31626.29,31626.0,Wind,Operating,,1.0,410227200000.0,1983.0,,,N,,G-12,W314,Riverside,CA,0.0,1.0,0.0,WPRS,San Gorgonio,LA Basin,West of Devers,Southern California Edison,IOU,CALISO,South Coast Air Quality Management District,Salton Sea,Desert Hot Springs,Senate District 28,Assembly District 42,Congressional District 36,30-35%,32.0,,,"<a href="""">Google Earth</a>",,-116.56077366,33.92195077,260.62568152,,,0.30772734,60.0,Low Income,cecgis,1581101982706,cecgis,1581101982706,bce870d8-d11f-4df7-94e0-b405a3741d1e
1382,W0299,"Dutch Energy Corp; Green Power Partners I, LLC; Garnet Green Power Project Aggregate; FPL Energy Green Power Wind, LLC; Green Power 1; Green Power Partners I, LLC",Green Power ,16.2,14790.15,14790.0,Wind,Operating,,1.0,639964800000.0,1990.0,,,N,,G-12,W751,Riverside,CA,0.0,1.0,0.0,WPRS,San Gorgonio,LA Basin,West of Devers,Southern California Edison,IOU,CALISO,South Coast Air Quality Management District,Salton Sea,Desert Hot Springs,Senate District 28,Assembly District 42,Congressional District 36,30-35%,32.0,,,"<a href="""">Google Earth</a>",,-116.59577919,33.90919322,290.32201021,,,0.10393476,60.0,Low Income,cecgis,1581101982706,cecgis,1581101982706,1a12d6c5-fa0a-422c-8a88-24d38ac8d630
1383,W0300,"ENXCO; Westwind Trust; Section 20 Trust; Westwind Partners, LLC",Westwind,9.08,,,Wind,Operating,,1.0,410227200000.0,1983.0,,,N,,G-11,W510,Riverside,CA,0.0,1.0,0.0,WPRS,San Gorgonio,LA Basin,West of Devers,Southern California Edison,IOU,CALISO,South Coast Air Quality Management District,Salton Sea,Desert Hot Springs,Senate District 28,Assembly District 42,Congressional District 36,30-35%,32.0,,,"<a href="""">Google Earth</a>",,-116.5675267,33.94563295,357.41250534,,,,60.0,Low Income,cecgis,1581101982706,cecgis,1581101982706,d89c356c-2de0-40d4-9040-a0332cd59057
1384,W0311,"Painted Hills - Zond Systems Inc - 6112; Painted Hills; Zond Systems, Inc. - 6112",Painted Hills,19.17,29908.24,29908.0,Wind,Operating,,1.0,410227200000.0,1983.0,,,N,,G-12,W524,Riverside,CA,0.0,1.0,0.0,WPRS,San Gorgonio,LA Basin,West of Devers,Southern California Edison,IOU,CALISO,South Coast Air Quality Management District,Salton Sea,Desert Hot Springs,Senate District 28,Assembly District 42,Congressional District 36,35-40%,39.0,,,"<a href="""">Google Earth</a>",,-116.6182413,33.93872058,463.51157401,,,0.17761226,,,cecgis,1581101982706,cecgis,1581101982706,43c4bffd-036d-40c3-85e8-2774d6dd4690
1385,W0318,,Wintec Energy,2.18,358.23,358.0,Wind,Operating,,1.0,535593600000.0,1986.0,,,N,,G-12,,Riverside,CA,0.0,1.0,0.0,WPRS,San Gorgonio,LA Basin,West of Devers,Southern California Edison,IOU,CALISO,South Coast Air Quality Management District,Salton Sea,Desert Hot Springs,Senate District 28,Assembly District 42,Congressional District 36,30-35%,32.0,,,"<a href="""">Google Earth</a>",,-116.56696214,33.91106319,238.56066895,,,0.01869538,60.0,Low Income,cecgis,1581101982706,cecgis,1581101982706,89b3e522-03ab-45f3-a8e6-153bc5576736
1386,W0360,"Mountain View Power Project III; Mountain View Power Partners III, LLC",Mtn. View III,22.44,68974.45,68974.0,Wind,Operating,,1.0,1071446400000.0,2003.0,,,N,,G-12,W234,Riverside,CA,0.0,1.0,0.0,WPRS,San Gorgonio,LA Basin,West of Devers,Southern California Edison,IOU,CALISO,South Coast Air Quality Management District,Salton Sea,Desert Hot Springs,Senate District 28,Assembly District 42,Congressional District 36,30-35%,32.0,,,"<a href="""">Google Earth</a>",,-116.59145684,33.91856772,300.67356613,,,0.34992118,60.0,Low Income,cecgis,1581101982706,cecgis,1581101982706,67e550c0-bda3-45aa-aec7-f29ff1295aa3
1387,W0361,Whitewater Hill; Whitewater Hill Wind Partners; Whitewater Hill Wind Project; Whitewater Hill Wind Partners,Whitewater Hill,61.5,156462.93,156463.0,Wind,Operating,,1.0,1030752000000.0,2002.0,,,N,,G-12,W835,Riverside,CA,0.0,1.0,0.0,WPRS,San Gorgonio,LA Basin,West of Devers,Southern California Edison,IOU,CALISO,South Coast Air Quality Management District,Salton Sea,Desert Hot Springs,Senate District 28,Assembly District 42,Congressional District 36,35-40%,39.0,,,"<a href="""">Google Earth</a>",,-116.62311559999999,33.922214700000005,475.97042869999996,,,0.28963044,,,cecgis,1581101982706,cecgis,1581101982706,12e39d93-518d-4b9e-87fc-3f79b394facd
1390,W0365,DifWind I; Difwind Partners; Difwind Farms Ltd I,Difwind Farms I,7.24,6996.41,6996.0,Wind,Operating,,1.0,410227200000.0,1983.0,,,N,,G-12,W516,Riverside,CA,0.0,1.0,0.0,WPRS,San Gorgonio,LA Basin,West of Devers,Southern California Edison,IOU,CALISO,South Coast Air Quality Management District,Salton Sea,Desert Hot Springs,Senate District 28,Assembly District 42,Congressional District 36,25-30%,27.0,,,"<a href="""">Google Earth</a>",,-116.56812133,33.89679102,232.69090806,,,0.11000664,86.0,Neither Low Income Nor Disadvantaged Community,cecgis,1581101982706,cecgis,1581101982706,560e86c9-233d-458d-ad0f-8fdb75840a98
1391,W0366,Difwind II; Difwind Partners; Difwind Farms Ltd II,Difwind Farms II,5.36,1397.89,1398.0,Wind,Operating,,1.0,410227200000.0,1983.0,,,N,,G-12,W516,Riverside,CA,0.0,1.0,0.0,WPRS,San Gorgonio,LA Basin,West of Devers,Southern California Edison,IOU,CALISO,South Coast Air Quality Management District,Salton Sea,Desert Hot Springs,Senate District 28,Assembly District 42,Congressional District 36,25-30%,27.0,,,"<a href="""">Google Earth</a>",,-116.56404598,33.89998534,227.3392589,,,0.02969272,86.0,Neither Low Income Nor Disadvantaged Community,cecgis,1581101982706,cecgis,1581101982706,41e4c00a-7c9b-4984-94b6-d8a2a7657069
1392,W0379,enXco IV; ENXCO IV,Enxco IV,9.1,,,Wind,Operating,,,,,,,N,,G-12,,Riverside,CA,,1.0,0.0,WPRS,San Gorgonio,LA Basin,West of Devers,Southern California Edison,IOU,CALISO,South Coast Air Quality Management District,Salton Sea,Desert Hot Springs,Senate District 28,Assembly District 42,Congressional District 36,30-35%,32.0,,,"<a href="""">Google Earth</a>",,-116.56923651,33.91743628,255.66559794,,,,60.0,Low Income,cecgis,1581101982706,cecgis,1581101982706,1b6c2924-cca6-42bd-801a-293ca5273855
1393,W0386,Difwind Partners; Difwinds Farm Ltd V,Difwind V,11.56,8792.85,8793.0,Wind,Operating,,1.0,1112227200000.0,2005.0,,,N,,G-12,W512,Riverside,CA,0.0,1.0,0.0,WPRS,San Gorgonio,LA Basin,West of Devers,Southern California Edison,IOU,CALISO,South Coast Air Quality Management District,Salton Sea,Desert Hot Springs,Senate District 28,Assembly District 42,Congressional District 36,30-35%,32.0,,,"<a href="""">Google Earth</a>",,-116.57292648,33.93035138,310.24761859,,,0.08659382,60.0,Low Income,cecgis,1581101982706,cecgis,1581101982706,76242cba-b903-4d03-8fa9-2f0a3b16c743
1394,W0430,"Mountain View IV Wind; Power Partners IV - Mountain View IV; Mountain View Power Partners IV, LLC",Mtn. View IV,49.0,171876.73,171877.0,Wind,Operating,,1.0,631065600000.0,1989.0,,,N,,G-12,W2519,Riverside,CA,0.0,1.0,0.0,WPRS,San Gorgonio,LA Basin,West of Devers,Southern California Edison,IOU,CALISO,South Coast Air Quality Management District,Salton Sea,Desert Hot Springs,Senate District 28,Assembly District 42,Congressional District 36,25-30%,27.0,,,"<a href="""">Google Earth</a>",,-116.56256940000002,33.88238333,219.21026006,,,0.39932763,86.0,Neither Low Income Nor Disadvantaged Community,cecgis,1581101982706,cecgis,1581101982706,0bfe4129-0e5f-4ed2-a77d-1fa12b2705ab
1395,W0437,"Wintec Energy, Ltd.; Wintec V Project; Wintec Energy #2-A; Wintec V",Wintec V,1.32,3207.63,3208.0,Wind,Operating,,1.0,1329955200000.0,2012.0,,,N,,G-12,W922,Riverside,CA,0.0,1.0,0.0,WPRS,San Gorgonio,LA Basin,West of Devers,Southern California Edison,IOU,CALISO,South Coast Air Quality Management District,Salton Sea,Desert Hot Springs,Senate District 28,Assembly District 42,Congressional District 36,30-35%,32.0,,,"<a href="""">Google Earth</a>",,-116.56064358,33.91335932,239.75790066,,,0.27667384,60.0,Low Income,cecgis,1581101982706,cecgis,1581101982706,7228f25f-1b65-4346-84ec-1384a47c18ce
1396,W0439,Dutch Wind Energy,Dutch Energy ,9.5,20935.56,20936.0,Wind,Operating,,1.0,410227200000.0,1983.0,,,N,,G-12,W413,Riverside,CA,0.0,1.0,0.0,WPRS,San Gorgonio,LA Basin,West of Devers,Southern California Edison,IOU,CALISO,South Coast Air Quality Management District,Salton Sea,Desert Hot Springs,Senate District 28,Assembly District 42,Congressional District 36,25-30%,27.0,,,"<a href="""">Google Earth</a>",,-116.56026680000001,33.89164803,219.90886278,,,0.25088678,86.0,Neither Low Income Nor Disadvantaged Community,cecgis,1581101982706,cecgis,1581101982706,fd941833-adfe-48b0-993a-229fa8229e59
1397,W0440,Garnet Wind Energy Project ,Garnet Wind ,6.5,15906.1,15906.0,Wind,Operating,,1.0,1243900800000.0,2009.0,,,N,,G-12,W1294,Riverside,CA,0.0,1.0,0.0,WPRS,San Gorgonio,LA Basin,West of Devers,Southern California Edison,IOU,CALISO,South Coast Air Quality Management District,Salton Sea,Desert Hot Springs,Senate District 28,Assembly District 42,Congressional District 36,30-35%,32.0,,,"<a href="""">Google Earth</a>",,-116.58238861,33.90752629,262.91141108,,,0.27858344,60.0,Low Income,cecgis,1581101982706,cecgis,1581101982706,47309d89-6b55-41b8-9a3f-c4e5e408bfde
1398,W0447,"San Gorgonio Windplant WPP1993; San Gorgonio Windplant WPP1993 - Buckwind, Aldrich, Triad, Carter & Renwind; San Gorgonio 1 - Aldrich, 2 - Buckwind, 3 - Carter, 4 - Renwind, 5 - Triad",San Gorgonio Wind,49.5,194463.0,194463.0,Wind,Operating,,1.0,631065600000.0,1989.0,,,N,,G-12,"W2646, W2647, W2648, W2649, W2635",Riverside,CA,0.0,1.0,0.0,WPRS,San Gorgonio,LA Basin,West of Devers,Southern California Edison,IOU,CALISO,South Coast Air Quality Management District,Salton Sea,Desert Hot Springs,Senate District 28,Assembly District 42,Congressional District 36,30-35%,32.0,,,"<a href="""">Google Earth</a>",,-116.55066184,33.91671914,248.43984375,,,0.44723878,60.0,Low Income,cecgis,1581101982706,cecgis,1581101982706,230480b2-ec26-4dd2-85db-888657d09722
1399,W0450,"Mountain View I, Mountain View I&2 [1], Mountain View Power Project I",Mtn. View I,44.4,133129.73,133130.0,Wind,Operating,,1.0,985392000000.0,2001.0,,,N,,G-12,W808,Riverside,CA,0.0,1.0,0.0,WPRS,San Gorgonio,LA Basin,West of Devers,Southern California Edison,IOU,CALISO,South Coast Air Quality Management District,Salton Sea,Desert Hot Springs,Senate District 28,Assembly District 42,Congressional District 36,30-35%,32.0,,,"<a href="""">Google Earth</a>",,-116.57320401,33.92299809,281.39767472,,,0.34135057,60.0,Low Income,cecgis,1581101982706,cecgis,1581101982706,b9b9d3ec-724f-4ba9-bbce-dc56fe67df07
1400,W0451,Mountain View I&2 [2]; Mountain View Power Project II,Mtn. View II,22.2,64355.12,64355.0,Wind,Operating,,1.0,1000684800000.0,2001.0,,,N,,G-12,W809,Riverside,CA,0.0,1.0,0.0,WPRS,San Gorgonio,LA Basin,West of Devers,Southern California Edison,IOU,CALISO,South Coast Air Quality Management District,Salton Sea,Desert Hot Springs,Senate District 28,Assembly District 42,Congressional District 36,30-35%,32.0,,,"<a href="""">Google Earth</a>",,-116.57371409,33.91698602,259.04596972,,,0.33001752,60.0,Low Income,cecgis,1581101982706,cecgis,1581101982706,7f11609e-321b-4f1d-807e-e3852b6115ac
1401,W0364,Dillon Wind; Dillon Wind LLC; Dillon 1 Wind Project; Dillon Wind Project  Area 1,Dillon,45.0,146855.45,146855.0,Wind,Operating,,1.0,1208476800000.0,2008.0,,,N,,G-12,W728,Riverside,CA,0.0,1.0,0.0,WPRS,San Gorgonio,LA Basin,West of Devers,Southern California Edison,IOU,CALISO,South Coast Air Quality Management District,Salton Sea,Desert Hot Springs,Senate District 28,Assembly District 42,Congressional District 36,30-35%,32.0,,,"<a href="""">Google Earth</a>",,-116.58737408,33.93855016,358.73061132,,,0.37152145,60.0,Low Income,cecgis,1581101982706,cecgis,1581101982706,f9f07950-ffd9-4215-b76e-050b1022c50f
1402,W0413,"WKN Wagner; WKN Wagner, LLC; Wagner Wind, Wkn Wagner, LLC",Wagner Wind,6.0,13775.68,13776.0,Wind,Operating,,1.0,1375142400000.0,2013.0,,,N,,G-12,W3255,Riverside,CA,0.0,1.0,0.0,WPRS,San Gorgonio,LA Basin,West of Devers,Southern California Edison,IOU,CALISO,South Coast Air Quality Management District,Salton Sea,Desert Hot Springs,Senate District 28,Assembly District 42,Congressional District 36,30-35%,32.0,,,"<a href="""">Google Earth</a>",,-116.55583566,33.9097061,231.62513275,,,0.26138434,60.0,Low Income,cecgis,1581101982706,cecgis,1581101982706,945ecb60-a5b1-4216-b57a-9f595b5ce43b
1416,W0292,NAWP Inc. - 6087; Altech III - Unit 2 ; Altech III,Altech III,25.15,9160.26,9160.0,Wind,Operating,,1.0,410227200000.0,1983.0,,,N,,G-12,W749,Riverside,CA,0.0,1.0,0.0,WPRS,San Gorgonio,LA Basin,West of Devers,Southern California Edison,IOU,CALISO,South Coast Air Quality Management District,South Coast,White Water,Senate District 28,Assembly District 42,Congressional District 36,35-40%,39.0,,,"<a href="""">Google Earth</a>",,-116.73624295,33.91282924,450.85824556,,,0.04146342,,,cecgis,1581101982706,cecgis,1581101982706,7b6a3c32-2559-44c1-a506-e0e26921a366
1422,W0401,Robertson's Ready-Mix; Foundation RRM North - Foundation RRM North; Foundation RRM South; Foundation RRM Cabazon North & South,Robertson's Ready-Mix,2.0,9589.15,9589.0,Wind,Operating,,1.0,1354320000000.0,2012.0,,,N,,G-12,"W3213, W3214",Riverside,CA,0.0,1.0,0.0,WPRS,San Gorgonio,LA Basin,West of Devers,Southern California Edison,IOU,CALISO,South Coast Air Quality Management District,South Coast,Cabazon,Senate District 23,Assembly District 42,Congressional District 36,70-75%,74.0,,,"<a href="""">Google Earth</a>",,-116.81463778,33.91711069,578.17529457,,,0.54582195,66.0,Neither Low Income Nor Disadvantaged Community,cecgis,1581101982706,cecgis,1581101982706,146c89b4-c2e4-410a-882c-9d57bd3d831d
1423,W0402,Foundation NWNA Cabazon; Foundation NWNA Cabazon,Nestle Waters,3.24,13165.28,13165.0,Wind,Operating,,1.0,1354320000000.0,2012.0,,,N,,G-12,W3209,Riverside,CA,0.0,1.0,0.0,WPRS,San Gorgonio,LA Basin,West of Devers,Southern California Edison,IOU,CALISO,South Coast Air Quality Management District,South Coast,Cabazon,Senate District 23,Assembly District 42,Congressional District 36,70-75%,74.0,,,"<a href="""">Google Earth</a>",,-116.75168386,33.91774384,488.21652608,,,0.46257646,66.0,Neither Low Income Nor Disadvantaged Community,cecgis,1581101982706,cecgis,1581101982706,f33c0ace-ab96-477b-92f9-b196c7db9444
1546,W0316, ,S & L Ranch,0.05,,,Wind,Operating,,,,,,,N,,E-11,,Kern,CA,,1.0,0.0,,,Big Creek / Ventura,,Southern California Edison,IOU,CALISO,San Joaquin Valley Air Pollution Control District,San Joaquin Valley,Frazier Mountain,Senate District 16,Assembly District 34,Congressional District 23,10-15%,13.0,,,"<a href="""">Google Earth</a>",,-118.93150292,34.82372763,1376.01960983,,,,63.0,Neither Low Income Nor Disadvantaged Community,cecgis,1581101982706,cecgis,1581101982706,68af6a5d-d979-43d2-98ce-679beba0a31d
1552,W0289,"ESI Energy  Inc - 6065; Sky River LLC; Wilderness I - Sky River Partnership; Sky River Partnership (Wilderness I & II); Esi Energy, Inc. - 6065, 6066, 6067; Sky River LLC",Sky River,70.65,120274.8,120275.0,Wind,Operating,,1.0,1355184000000.0,2012.0,,,N,,F-10,"W529, W530, W531",Kern,CA,0.0,1.0,0.0,WPRS,Tehachapi,Big Creek / Ventura,,Southern California Edison,IOU,CALISO,Kern Air Pollution Control District,Mojave Desert,Cross Mountain,Senate District 16,Assembly District 34,Congressional District 23,55-60%,58.0,,,"<a href="""">Google Earth</a>",,-118.24602709,35.26362838,1512.8576515,,,0.19380763,60.0,Low Income,cecgis,1581101982706,cecgis,1581101982706,fe0642b5-0f07-4c1e-a28d-e4b577c46f79
1553,W0414,North Sky River; North Sky River Wind Project; North Sky River - Phase I,North Sky River,162.0,459332.71,459333.0,Wind,Operating,,1.0,1356307200000.0,2012.0,,,N,,F-10,W3206,Kern,CA,0.0,1.0,0.0,WPRS,Tehachapi,Big Creek / Ventura,,Southern California Edison,IOU,CALISO,Kern Air Pollution Control District,Mojave Desert,Cross Mountain,Senate District 16,Assembly District 34,Congressional District 23,55-60%,58.0,,,"<a href="""">Google Earth</a>",,-118.18047568,35.3502891,1312.15930176,,,0.32279017,60.0,Low Income,cecgis,1581101982706,cecgis,1581101982706,8e3bc2a7-ee9d-47c8-b263-f3aa854ed5e2
1560,W0368,"Pine Tree Wind; Pine Tree Wind Power Project; Pine Tree Wind Farm, Pine Tree I",Pine Tree Wind,135.0,291923.0,285189.0,Wind,Operating,,1.0,1246406400000.0,2009.0,,,N,,F-10,W2178,Kern,CA,0.0,1.0,0.0,WPRS,Tehachapi,Big Creek / Ventura,,Southern California Edison,IOU,CALISO,Kern Air Pollution Control District,Mojave Desert,Cache Peak,Senate District 16,Assembly District 34,Congressional District 23,55-60%,58.0,,,"<a href="""">Google Earth</a>",,-118.17989174,35.24705448,1342.18982587,,,0.24049535,60.0,Low Income,cecgis,1581101982706,cecgis,1581101982706,468f9876-33a6-4bd1-99d7-6cedb091738a
1567,W0271,"Wind Stream Operations 6039, Victory Garden (Tehachapi); VG # 1 - AES Tehachapi Wind, LLC (VG # I); Enron Wind Systems, LLC (VG #1); Zond Systems, Inc. - 6039",Wind Stream 6039,6.34,8248.46,8248.0,Wind,Operating,,1.0,444441600000.0,1984.0,,,N,,F-10,W499,Kern,CA,0.0,1.0,0.0,WPRS,Tehachapi,Big Creek / Ventura,,Southern California Edison,IOU,CALISO,Kern Air Pollution Control District,Mojave Desert,Tehachapi South,Senate District 16,Assembly District 34,Congressional District 23,70-75%,71.0,,,"<a href="""">Google Earth</a>",,-118.38259459,35.06874924,1511.85127399,,,0.14810410000000002,96.0,Neither Low Income Nor Disadvantaged Community,cecgis,1581101982706,cecgis,1581101982706,88273d6b-14f2-4094-bb0a-0ce870fdf08e
1568,W0272,"Wind Stream Operations 6040, Victory Garden (Tehachapi); VG # 2 - AES Tehachapi Wind, LLC (VG # 2); Enron Wind Systems, LLC (VG #2); Zond Systems, Inc. - 6040",Wind Stream 6040,6.66,8493.9,8494.0,Wind,Operating,,1.0,462844800000.0,1984.0,,,N,,F-10,W500,Kern,CA,0.0,1.0,0.0,WPRS,Tehachapi,Big Creek / Ventura,,Southern California Edison,IOU,CALISO,Kern Air Pollution Control District,Mojave Desert,Tehachapi South,Senate District 16,Assembly District 34,Congressional District 23,70-75%,71.0,,,"<a href="""">Google Earth</a>",,-118.38435001,35.07050676,1493.43505929,,,0.14519301,96.0,Neither Low Income Nor Disadvantaged Community,cecgis,1581101982706,cecgis,1581101982706,985b5e21-aeb8-4842-9937-9e29b2b08ca9
1569,W0273,"Wind Stream Operations 6041, Victory Garden (Tehachapi); VG # 3 - AES Tehachapi Wind, LLC (VG # 3); Enron Wind Systems, LLC (VG #3); Zond Systems, Inc. - 6041",Wind Stream 6041,4.5,5463.61,5464.0,Wind,Operating,,1.0,470707200000.0,1984.0,,,N,,F-10,W501,Kern,CA,0.0,1.0,0.0,WPRS,Tehachapi,Big Creek / Ventura,,Southern California Edison,IOU,CALISO,Kern Air Pollution Control District,Mojave Desert,Tehachapi South,Senate District 16,Assembly District 34,Congressional District 23,70-75%,71.0,,,"<a href="""">Google Earth</a>",,-118.37764505,35.07402436,1496.82936223,,,0.13823113,96.0,Neither Low Income Nor Disadvantaged Community,cecgis,1581101982706,cecgis,1581101982706,4a955c3d-8f74-4e64-abd7-c94d6cd129af
1570,W0284,"Tehachapi Wind Resource I; Calwind Resources Inc.; Calwind Resources Inc. (6365); Calwind Resources, Inc. I, Tehachapi Wind Resource I; Calwind Wind Resource I
",Wind Resource I,8.71,14336.91,14337.0,Wind,Operating,,1.0,1332547200000.0,2012.0,,,N,,F-10,W519,Kern,CA,0.0,1.0,0.0,WPRS,Tehachapi,Big Creek / Ventura,,Southern California Edison,IOU,CALISO,Kern Air Pollution Control District,Mojave Desert,Tehachapi South,Senate District 16,Assembly District 34,Congressional District 23,70-75%,71.0,,,"<a href="""">Google Earth</a>",,-118.39145970000001,35.05966183,1499.16402494,,,0.1873906,96.0,Neither Low Income Nor Disadvantaged Community,cecgis,1581101982706,cecgis,1581101982706,24d2b535-2346-47ce-9308-9f3f12d6e5f0
1572,W0304,"Victory Garden Phase IV LLC; VG # IV - Victory Garden Phase IV Partner - 6102, 6103, & 6104; Victory Garden Phase IV Partner - 602, 603, 6104; Victory Gardens IV; Victory Garden Phase IV Partner - 6103",Victory Gardens IV,20.69,29013.5,29014.0,Wind,Operating,,1.0,473385600000.0,1985.0,,,N,,F-10,"W525, W526, W527",Kern,CA,0.0,1.0,0.0,WPRS,Tehachapi,Big Creek / Ventura,,Southern California Edison,IOU,CALISO,Kern Air Pollution Control District,Mojave Desert,Tehachapi South,Senate District 16,Assembly District 34,Congressional District 23,70-75%,71.0,,,"<a href="""">Google Earth</a>",,-118.38466625,35.06623186,1530.23771554,,,0.15964479999999998,96.0,Neither Low Income Nor Disadvantaged Community,cecgis,1581101982706,cecgis,1581101982706,73045355-41c2-44ff-8cbd-d048d7c172fe
1575,W0429,Helzel & Schwarzhoff 88 Wind Farm; Seawest Industries Inc,Helzel & Schwarzhoff 88,1.8,,,Wind,Operating,,1.0,441072000000.0,1983.0,,,N,,F-10,,Kern,CA,0.0,1.0,0.0,WPRS,Tehachapi,Big Creek / Ventura,,Southern California Edison,IOU,CALISO,Kern Air Pollution Control District,Mojave Desert,Tehachapi South,Senate District 16,Assembly District 34,Congressional District 23,70-75%,71.0,,,"<a href="""">Google Earth</a>",,-118.39411232,35.09056144,1330.2701154000001,,,,96.0,Neither Low Income Nor Disadvantaged Community,cecgis,1581101982706,cecgis,1581101982706,cbf4afae-3214-4032-83e0-3b84d9f693fa
1576,W0442,Alta 11,Alta XI,89.65,261519.29,261519.0,Wind,Operating,,1.0,631065600000.0,1989.0,,,N,,F-10,W3538,Kern,CA,0.0,1.0,0.0,WPRS,Tehachapi,Big Creek / Ventura,,Southern California Edison,IOU,CALISO,Kern Air Pollution Control District,Mojave Desert,Tehachapi South,Senate District 16,Assembly District 34,Congressional District 23,70-75%,71.0,,,"<a href="""">Google Earth</a>",,-118.39211170000002,35.06712918,1503.54320249,,,0.33209369,96.0,Neither Low Income Nor Disadvantaged Community,cecgis,1581101982706,cecgis,1581101982706,aba2f587-cab2-49fc-a40b-f78cd60c607f
1577,W0310,"AES Tehachapi Wind - Zond Systems  Inc - Northwind; Northwind - AES Tehachapi Wind, LLC (Northwind); Enron Wind Systems, LLC (Northwind); Zond Systems, Inc. - Northwind; AES Tehachapi Wind, LLC. (Northwind)",Wind Stream 6111,6.32,7371.13,7371.0,Wind,Operating,,1.0,378691200000.0,1982.0,,,N,,F-10,W505,Kern,CA,0.0,1.0,0.0,WPRS,Tehachapi,Big Creek / Ventura,,Southern California Edison,IOU,CALISO,Kern Air Pollution Control District,Mojave Desert,Tehachapi South,Senate District 16,Assembly District 34,Congressional District 23,70-75%,71.0,,,"<a href="""">Google Earth</a>",,-118.38475587,35.08652809,1364.31874904,,,0.13277521,96.0,Neither Low Income Nor Disadvantaged Community,cecgis,1581101982706,cecgis,1581101982706,321a58fd-299f-4fa0-8288-797a4c4555b2
1578,W0449,Terra-Gen Wind LLC,Terra - Gen VG,7.41,11114.0,11114.0,Wind,Operating,,1.0,378691200000.0,1982.0,,,N,,F-10,,Kern,CA,0.0,1.0,0.0,WPRS,Tehachapi,Big Creek / Ventura,,Southern California Edison,IOU,CALISO,Kern Air Pollution Control District,Mojave Desert,Tehachapi South,Senate District 16,Assembly District 34,Congressional District 23,70-75%,71.0,,,"<a href="""">Google Earth</a>",,-118.38361471,35.09824394,1264.37565352,,,0.17074966,96.0,Neither Low Income Nor Disadvantaged Community,cecgis,1581101982706,cecgis,1581101982706,ab65efb0-1f74-4ee0-962a-3c4430367d86
1579,W0259,Mogul Energy Corp; Mogul Energy Partnership I,Mogul Energy,4.0,0.0,,Wind,Operating,,1.0,393724800000.0,1982.0,,,N,,F-10,W493,Kern,CA,0.0,1.0,0.0,WPRS,Tehachapi,Big Creek / Ventura,,Southern California Edison,IOU,CALISO,Kern Air Pollution Control District,Mojave Desert,Monolith,Senate District 16,Assembly District 34,Congressional District 23,70-75%,71.0,,,"<a href="""">Google Earth</a>",,-118.27893624,35.04329443,1071.52623773,,,,96.0,Neither Low Income Nor Disadvantaged Community,cecgis,1581101982706,cecgis,1581101982706,e4a806d3-349d-4212-91c2-6678ed1347b8
1580,W0262,Windland Inc; Windland; Pacific Wind - Phase 1; Boxcar I - Boxcar I & II Power Purchase Contract Trust; Boxcar I Power Purchase Contract Trst; Windland Inc Boxcar I,Windland Boxcar I,7.46,14376.11,14376.0,Wind,Operating,,1.0,409968000000.0,1982.0,,,N,,F-10,W412,Kern,CA,0.0,1.0,0.0,WPRS,Tehachapi,Big Creek / Ventura,,Southern California Edison,IOU,CALISO,Kern Air Pollution Control District,Mojave Desert,Monolith,Senate District 16,Assembly District 34,Congressional District 23,70-75%,71.0,,,"<a href="""">Google Earth</a>",,-118.36023179,35.0535877,1277.82155956,,,0.21938499,96.0,Neither Low Income Nor Disadvantaged Community,cecgis,1581101982706,cecgis,1581101982706,a5827559-46a7-4ca3-96fb-0b0831f0be2e
1581,W0265,"Ridgetop Energy (II); Ridgetop; Ridgetop Energy, LLC (I); Ridgetop Energy, LLC; Ridgetop; Cannon Energy Corp",Ridgetop Energy II,46.86,137759.9,137760.0,Wind,Operating,,1.0,441676800000.0,1983.0,,,N,,F-10,W406,Kern,CA,0.0,1.0,0.0,WPRS,Tehachapi,Big Creek / Ventura,,Southern California Edison,IOU,CALISO,Kern Air Pollution Control District,Mojave Desert,Monolith,Senate District 16,Assembly District 34,Congressional District 23,70-75%,71.0,,,"<a href="""">Google Earth</a>",,-118.3183638,35.07046526,1367.72085529,,,0.33467905,96.0,Neither Low Income Nor Disadvantaged Community,cecgis,1581101982706,cecgis,1581101982706,f7a4cc84-e524-4c7a-975f-2825a218e858
1582,W0270,Terra-Gen Mojave Windfarms; TPC Windfarms LLC; Tehachapi Power Purchase Contract Trust; Tehachapi  Power Purchase Trust; TPC Wind Farms - Tehachapi Power Purchase Trust,Terra - Gen Mojave,28.28,64438.78,64439.0,Wind,Operating,,1.0,378691200000.0,1982.0,,,N,,F-10,W498,Kern,CA,0.0,1.0,0.0,WPRS,Tehachapi,Big Creek / Ventura,,Southern California Edison,IOU,CALISO,Kern Air Pollution Control District,Mojave Desert,Monolith,Senate District 16,Assembly District 34,Congressional District 23,70-75%,71.0,,,"<a href="""">Google Earth</a>",,-118.26277706,35.04496061,1021.84641546,,,0.25940423,96.0,Neither Low Income Nor Disadvantaged Community,cecgis,1581101982706,cecgis,1581101982706,af7bc7c4-925d-41e7-a5ff-f36fdeb5e2d5
1583,W0275,"85A; 85-A; AES Tehachapi Wind, LLC; Zond Wind Systems Partners; Series 85-A; Zond Systems, Inc. - 6043",85A,14.13,15642.47,15642.0,Wind,Operating,,1.0,473385600000.0,1985.0,,,N,,F-10,W503,Kern,CA,0.0,1.0,0.0,WPRS,Tehachapi,Big Creek / Ventura,,Southern California Edison,IOU,CALISO,Kern Air Pollution Control District,Mojave Desert,Monolith,Senate District 16,Assembly District 34,Congressional District 23,70-75%,71.0,,,"<a href="""">Google Earth</a>",,-118.33888352,35.10247949,1291.51562515,,,0.12602532,96.0,Neither Low Income Nor Disadvantaged Community,cecgis,1581101982706,cecgis,1581101982706,73c37345-9c7b-459d-9a1b-d54831ae000f
1584,W0276,"85B; 85-B; AES Tehachapi Wind, LLC; Zond Wind Systems Partners; Series 85-B; Zond Systems, Inc. - 6044",85B,21.15,18639.8,18640.0,Wind,Operating,,1.0,473385600000.0,1985.0,,,N,,F-10,W504,Kern,CA,0.0,1.0,0.0,WPRS,Tehachapi,Big Creek / Ventura,,Southern California Edison,IOU,CALISO,Kern Air Pollution Control District,Mojave Desert,Monolith,Senate District 16,Assembly District 34,Congressional District 23,70-75%,71.0,,,"<a href="""">Google Earth</a>",,-118.33370428,35.1017029,1378.18627907,,,0.10033286,96.0,Neither Low Income Nor Disadvantaged Community,cecgis,1581101982706,cecgis,1581101982706,5b78150d-2c37-41bf-801a-d2b1f97c76b7
1586,W0285,"Windridge; Windridge Incorporated; Willow Wind, Windridge, Inc.; Windridge Project",Aero Energy,2.21,,,Wind,Operating,,1.0,378691200000.0,1982.0,,,N,,F-10,W520,Kern,CA,0.0,1.0,0.0,WPRS,Tehachapi,Big Creek / Ventura,,Southern California Edison,IOU,CALISO,Kern Air Pollution Control District,Mojave Desert,Monolith,Senate District 16,Assembly District 34,Congressional District 23,70-75%,71.0,,,"<a href="""">Google Earth</a>",,-118.34771189,35.05749382,1265.08600442,,,,96.0,Neither Low Income Nor Disadvantaged Community,cecgis,1581101982706,cecgis,1581101982706,0216d3c0-5817-49fd-abc2-350cf6f60a5b
1589,W0297,"Ridgetop Energy; Ridgetop Energy LLC; Ridgetop Energy, LLC (II); Cannon Energy Corp. - 6092; Cannon Energy Corp - 6092",Ridgetop Energy,28.5,45134.18,45134.0,Wind,Operating,,1.0,378691200000.0,1982.0,,,N,,F-10,W408,Kern,CA,0.0,1.0,0.0,WPRS,Tehachapi,Big Creek / Ventura,,Southern California Edison,IOU,CALISO,Kern Air Pollution Control District,Mojave Desert,Monolith,Senate District 16,Assembly District 34,Congressional District 23,70-75%,71.0,,,"<a href="""">Google Earth</a>",,-118.31390014,35.07066924,1370.06221123,,,0.18028792,96.0,Neither Low Income Nor Disadvantaged Community,cecgis,1581101982706,cecgis,1581101982706,536041a6-c233-45da-b3f1-1089648fcf54
1590,W0301,Windland; Pacific Wind - Phase 1; Boxcar I - Boxcar I & II Power Purchase Contract Trust; Boxcar II,Windland Boxcar II,7.81,16043.78,16044.0,Wind,Operating,,1.0,378691200000.0,1982.0,,,N,,F-10,W412,Kern,CA,0.0,1.0,0.0,WPRS,Tehachapi,Big Creek / Ventura,,Southern California Edison,IOU,CALISO,Kern Air Pollution Control District,Mojave Desert,Monolith,Senate District 16,Assembly District 34,Congressional District 23,70-75%,71.0,,,"<a href="""">Google Earth</a>",,-118.35759526,35.04722235,1294.76845215,,,0.23386719,96.0,Neither Low Income Nor Disadvantaged Community,cecgis,1581101982706,cecgis,1581101982706,02e5539b-29ed-42a0-aa0b-de373041c937
1591,W0306,"Zond Systems  Inc- Monolith X; Terra-Gen 251 Wind LLC; Monolith X - Terra-Gen 251 Wind, LLC (Monolith X, XI, XII, XIII); Caithness 251 Wind, LLC  (Monolith X, XI, XII, XIII); Zond Systems, Inc. - Monolith X - XIII; Terra-Gen 251 Wind",Terra - Gen 251 ,16.91,21946.62,21947.0,Wind,Operating,,1.0,473385600000.0,1985.0,,,N,,F-10,"W395, W396, W397, W398",Kern,CA,0.0,1.0,0.0,WPRS,Tehachapi,Big Creek / Ventura,,Southern California Edison,IOU,CALISO,Kern Air Pollution Control District,Mojave Desert,Monolith,Senate District 16,Assembly District 34,Congressional District 23,70-75%,71.0,,,"<a href="""">Google Earth</a>",,-118.35598474,35.09254075,1422.43119622,,,0.14775399,96.0,Neither Low Income Nor Disadvantaged Community,cecgis,1581101982706,cecgis,1581101982706,a809446d-c574-4cd4-b67d-28a0fa945945
1593,W0308, ,Zond Monolith XII,6.7,,,Wind,Operating,,,,,,,N,,F-10,,Kern,CA,,1.0,0.0,QFER,Tehachapi,Big Creek / Ventura,,Southern California Edison,IOU,CALISO,Kern Air Pollution Control District,Mojave Desert,Monolith,Senate District 16,Assembly District 34,Congressional District 23,70-75%,71.0,,,"<a href="""">Google Earth</a>",,-118.34833582,35.08717081,1473.32550812,,,,96.0,Neither Low Income Nor Disadvantaged Community,cecgis,1581101982706,cecgis,1581101982706,49966be5-d596-43e6-89e4-2e9d3ad11a75
1595,W0312,Mojave 3-4-5 (Desertwind II PPC Trust) - 6113; Desert Winds II Pwr Purch Trst,Mojave 3,23.5,59210.77,59211.0,Wind,Operating,,1.0,473385600000.0,1985.0,,,N,,F-10,W522,Kern,CA,0.0,1.0,0.0,WPRS,Tehachapi,Big Creek / Ventura,,Southern California Edison,IOU,CALISO,Kern Air Pollution Control District,Mojave Desert,Monolith,Senate District 16,Assembly District 34,Congressional District 23,70-75%,71.0,,,"<a href="""">Google Earth</a>",,-118.26779599,35.06629025,1127.79101563,,,0.28684165,96.0,Neither Low Income Nor Disadvantaged Community,cecgis,1581101982706,cecgis,1581101982706,21f752be-228b-40c6-b8ac-87955c525898
1596,W0313,Mojave 16-17-18  (Desertwind III PPC Trust) - 6063-6114; Mojave 16; Desert Wind III PPC Trust; Desertwind Iii Ppc Trust,Mojave 16 - 18,83.55,120862.62,120863.0,Wind,Operating,,1.0,473385600000.0,1985.0,,,N,,F-10,W523,Kern,CA,0.0,1.0,0.0,WPRS,Tehachapi,Big Creek / Ventura,,Southern California Edison,IOU,CALISO,Kern Air Pollution Control District,Mojave Desert,Monolith,Senate District 16,Assembly District 34,Congressional District 23,70-75%,71.0,,,"<a href="""">Google Earth</a>",,-118.26505254,35.05138643,1063.34618863,,,0.16468521,96.0,Neither Low Income Nor Disadvantaged Community,cecgis,1581101982706,cecgis,1581101982706,cc1870d9-9ae5-4375-8bd9-af1fee39a6dd
1597,W0319,"Oak Creek Energy Systems Inc.; Oak Creek Energy Systems I; Oak Creek Energy Systems Inc. & Zephyr Park, LTD; Oak Creek Energy Systems Inc.; Oak Creek Energy Trust - Zephyr Park Project; Oak Creek Phase I and Oak Creek Phase II; Oak Creek Wind Power",Oak Creek,31.5,65000.79,65001.0,Wind,Operating,,1.0,1391731200000.0,2014.0,,,N,,F-10,"W509, W495",Kern,CA,0.0,1.0,0.0,WPRS,Tehachapi,Big Creek / Ventura,,Southern California Edison,IOU,CALISO,Kern Air Pollution Control District,Mojave Desert,Monolith,Senate District 16,Assembly District 34,Congressional District 23,70-75%,71.0,,,"<a href="""">Google Earth</a>",,-118.27090567,35.04845395,1063.40581957,,,0.23491847,96.0,Neither Low Income Nor Disadvantaged Community,cecgis,1581101982706,cecgis,1581101982706,04b6d66f-eced-4fdb-987d-1aff80a45465
1598,W0320,"Calwind Wind Resource II; Tehachapi Wind Resource II; Calwind Resources Inc.; Tehachapi Wind Resource II - Pajuela Peak; Calwind Resources, Inc. II; Tehachapi Wind Resource II",Wind Resource II,19.96,48422.02,48422.0,Wind,Operating,,1.0,1368748800000.0,2013.0,,,N,,F-10,W508,Kern,CA,0.0,1.0,0.0,WPRS,Tehachapi,Big Creek / Ventura,,Southern California Edison,IOU,CALISO,Kern Air Pollution Control District,Mojave Desert,Monolith,Senate District 16,Assembly District 34,Congressional District 23,55-60%,58.0,,,"<a href="""">Google Earth</a>",,-118.30678767,35.10477843,1325.59784232,,,0.2761785,60.0,Low Income,cecgis,1581101982706,cecgis,1581101982706,8b44a908-a9d3-4dcb-9c1e-881af37d8ba7
1599,W0370,"Alta Wind I Energy Center; Alta Wind Energy Center I; CPC West - Alta Wind 1; Alta Wind I; CPC West - Alta Wind I,  Alta 4A 2 CPCW1",Alta I,150.0,398579.57,398580.0,Wind,Operating,,1.0,1293580800000.0,2010.0,,,N,,F-10,W1727,Kern,CA,0.0,1.0,0.0,WPRS,Tehachapi,Big Creek / Ventura,,Southern California Edison,IOU,CALISO,Kern Air Pollution Control District,Mojave Desert,Monolith,Senate District 16,Assembly District 34,Congressional District 23,70-75%,71.0,,,"<a href="""">Google Earth</a>",,-118.36904743,35.0379631,1379.67481918,,,0.30250455,96.0,Neither Low Income Nor Disadvantaged Community,cecgis,1581101982706,cecgis,1581101982706,0d756460-28cd-4fd5-baf3-45d3627ae2f0
1600,W0372,Alta II Wind Energy Center; CPC West - Alta Wind II; Alta Wind II; CPC West - Alta Wind II;  Alta 4B 2 CPCW2,Alta II,150.0,348596.88,348597.0,Wind,Operating,,1.0,1293580800000.0,2010.0,,,N,,F-10,W1841,Kern,CA,0.0,1.0,0.0,WPRS,Tehachapi,Big Creek / Ventura,,Southern California Edison,IOU,CALISO,Kern Air Pollution Control District,Mojave Desert,Monolith,Senate District 16,Assembly District 34,Congressional District 23,70-75%,71.0,,,"<a href="""">Google Earth</a>",,-118.30854137,35.01519044,1029.70716101,,,0.26456967,96.0,Neither Low Income Nor Disadvantaged Community,cecgis,1581101982706,cecgis,1581101982706,1d44d934-6249-43d4-b889-5ce3ce499809
1602,W0385,Oasis Wind; Oasis Power Plant; Oasis Wind; Oasis Wind Farm,Oasis Power,60.0,185966.23,185966.0,Wind,Operating,,1.0,1233014400000.0,2009.0,,,N,,F-10,W131,Kern,CA,0.0,1.0,0.0,WPRS,Tehachapi,Big Creek / Ventura,,Southern California Edison,IOU,CALISO,Kern Air Pollution Control District,Mojave Desert,Monolith,Senate District 16,Assembly District 34,Congressional District 23,70-75%,71.0,,,"<a href="""">Google Earth</a>",,-118.29524406,35.05923553,1224.98884734,,,0.35284988,96.0,Neither Low Income Nor Disadvantaged Community,cecgis,1581101982706,cecgis,1581101982706,84e1ad41-da2c-4bc1-a16b-dce28d7cdea3
1603,W0387,Alta Wind III Energy Center; CPC West - Alta 3; Alta Wind III,Alta III,150.0,360073.27,360073.0,Wind,Operating,,1.0,441763200000.0,1984.0,,,N,,F-10,W1842,Kern,CA,0.0,1.0,0.0,WPRS,Tehachapi,Big Creek / Ventura,,Southern California Edison,IOU,CALISO,Kern Air Pollution Control District,Mojave Desert,Monolith,Senate District 16,Assembly District 34,Congressional District 23,70-75%,71.0,,,"<a href="""">Google Earth</a>",,-118.29779684,35.01354955,1016.39645169,,,0.27327945,96.0,Neither Low Income Nor Disadvantaged Community,cecgis,1581101982706,cecgis,1581101982706,4c2270d2-e60f-421d-9cd7-56d6b1a6535c
1604,W0406,Alta Wind VI Energy Center (Mustang Hills); Alta Wind VI; CPC West - Alta Wind 6; Mustang Hills LLC,Mustang Hills,150.0,440887.24,440887.0,Wind,Operating,,1.0,1331942400000.0,2012.0,,,N,,F-10,W2482,Kern,CA,0.0,1.0,0.0,WPRS,Tehachapi,Big Creek / Ventura,,Southern California Edison,IOU,CALISO,Kern Air Pollution Control District,Mojave Desert,Monolith,Senate District 16,Assembly District 34,Congressional District 23,70-75%,71.0,,,"<a href="""">Google Earth</a>",,-118.31757677,35.05107573,1194.55163574,,,0.33461369,96.0,Neither Low Income Nor Disadvantaged Community,cecgis,1581101982706,cecgis,1581101982706,e599102b-e9b8-4d45-a7d6-7c05ceebbb2f
1605,W0407,Cameron Ridge LLC; Cameron Ridge LLC (IV) and (III); Cameron Ridge LLC (III) (IV) ,Cameron Ridge,59.67,162685.85,162686.0,Wind,Operating,,1.0,1418169600000.0,2014.0,,,N,,F-10,"W407, W457",Kern,CA,0.0,1.0,0.0,WPRS,Tehachapi,Big Creek / Ventura,,Southern California Edison,IOU,CALISO,Kern Air Pollution Control District,Mojave Desert,Monolith,Senate District 16,Assembly District 34,Congressional District 23,70-75%,71.0,,,"<a href="""">Google Earth</a>",,-118.32198746,35.07577489,1423.92563206,,,0.31038578,96.0,Neither Low Income Nor Disadvantaged Community,cecgis,1581101982706,cecgis,1581101982706,4105457f-8860-43ff-bc46-11f5702bc82c
1606,W0419,Windstar 1; Windstar; Windstar 1 & 2; Windstar ,Windstar I,120.0,290313.9,290314.0,Wind,Operating,,1.0,1356998400000.0,2013.0,,,N,,F-10,"W2742, W2743",Kern,CA,0.0,1.0,0.0,WPRS,Tehachapi,Big Creek / Ventura,,Southern California Edison,IOU,CALISO,Kern Air Pollution Control District,Mojave Desert,Monolith,Senate District 16,Assembly District 34,Congressional District 23,70-75%,71.0,,,"<a href="""">Google Earth</a>",,-118.36400364,35.05798959,1346.73017544,,,0.27541932,96.0,Neither Low Income Nor Disadvantaged Community,cecgis,1581101982706,cecgis,1581101982706,363a025f-94ff-4f1e-add4-e18c07e90939
1609,W0443,Mojave 4; Desert Winds II Pwr Purch Trst,Mojave 4,29.0,62891.18,62891.0,Wind,Operating,,1.0,473385600000.0,1985.0,,,N,,F-10,W522,Kern,CA,0.0,1.0,0.0,WPRS,Tehachapi,Big Creek / Ventura,,Southern California Edison,IOU,CALISO,Kern Air Pollution Control District,Mojave Desert,Monolith,Senate District 16,Assembly District 34,Congressional District 23,70-75%,71.0,,,"<a href="""">Google Earth</a>",,-118.28018843,35.05009461,1109.12310597,,,0.24688697,96.0,Neither Low Income Nor Disadvantaged Community,cecgis,1581101982706,cecgis,1581101982706,070fc9a9-2752-4003-94bb-4da076e91c08
1610,W0444,Mojave 5; Desert Winds II Pwr Purch Trst,Mojave 5,22.5,55604.67,55605.0,Wind,Operating,,1.0,1298246400000.0,2011.0,,,N,,F-10,W522,Kern,CA,0.0,1.0,0.0,WPRS,Tehachapi,Big Creek / Ventura,,Southern California Edison,IOU,CALISO,Kern Air Pollution Control District,Mojave Desert,Monolith,Senate District 16,Assembly District 34,Congressional District 23,70-75%,71.0,,,"<a href="""">Google Earth</a>",,-118.28532489,35.05044847,1123.09220903,,,0.28134487,96.0,Neither Low Income Nor Disadvantaged Community,cecgis,1581101982706,cecgis,1581101982706,0b73e454-6ffe-4d98-b958-db53d88e0647
1611,W0445,Coram Energy Llc (Eia 54750),Coram Techachapi,6.53,12758.6,12759.0,Wind,Operating,,1.0,439084800000.0,1983.0,,,N,,F-10,,Kern,CA,0.0,1.0,0.0,WPRS,Tehachapi,Big Creek / Ventura,,Southern California Edison,IOU,CALISO,Kern Air Pollution Control District,Mojave Desert,Monolith,Senate District 16,Assembly District 34,Congressional District 23,70-75%,71.0,,,"<a href="""">Google Earth</a>",,-118.33190446,35.0713771,1392.996076,,,0.2224391,96.0,Neither Low Income Nor Disadvantaged Community,cecgis,1581101982706,cecgis,1581101982706,be4cf57a-7f3d-4ec3-a772-60ffc3080b27
1612,W0463,Coram Energy LLC (ECT); Cellc 7.5 MW Tehachapi Wind Project; CTV Power Purchase Contract Trust- 6029; Coram Energy LLC (Ect); CTV Management Group - 6029,Coram Energy,15.0,49847.65,49848.0,Wind,Operating,,1.0,1451606400000.0,2016.0,,,N,,F-10,W317,Kern,CA,0.0,1.0,0.0,WPRS,Tehachapi,Big Creek / Ventura,,Southern California Edison,IOU,CALISO,Kern Air Pollution Control District,Mojave Desert,Monolith,Senate District 16,Assembly District 34,Congressional District 23,70-75%,71.0,,,"<a href="""">Google Earth</a>",,-118.34183877,35.05802686,1268.54589295,,,0.37832423,96.0,Neither Low Income Nor Disadvantaged Community,cecgis,1581101982706,cecgis,1581101982706,dea09433-e1f3-444b-869e-af0fbdc4e9f5
1613,W0274,"Wind Stream Operations 6042; Victory Garden (Tehachapi); VG # 4 - AES Tehachapi Wind, LLC (VG #4); Enron Wind Systems, LLC (VG #4); Zond Systems, Inc. - 6042",Wind Stream 6042,6.34,9990.91,9991.0,Wind,Operating,,1.0,378691200000.0,1982.0,,,N,,F-10,W502,Kern,CA,0.0,1.0,0.0,WPRS,Tehachapi,Big Creek / Ventura,,Southern California Edison,IOU,CALISO,Kern Air Pollution Control District,Mojave Desert,Monolith,Senate District 16,Assembly District 34,Congressional District 23,70-75%,71.0,,,"<a href="""">Google Earth</a>",,-118.36847177,35.10614545,1219.82900586,,,0.17940204,96.0,Neither Low Income Nor Disadvantaged Community,cecgis,1581101982706,cecgis,1581101982706,814f1933-a2b3-4344-91d7-f583a4c019bd
1614,W0458,,Rising Tree I,79.2,265989.06,265989.0,Wind,Operating,,1.0,631065600000.0,1989.0,,,N,,F-10,,Kern,CA,0.0,1.0,0.0,QFER,Tehachapi,Big Creek / Ventura,,Southern California Edison,IOU,CALISO,Kern Air Pollution Control District,Mojave Desert,Mojave,Senate District 16,Assembly District 34,Congressional District 23,70-75%,71.0,,,"<a href="""">Google Earth</a>",,-118.22080354,35.07776964,1000.53471404,,,0.38233686,96.0,Neither Low Income Nor Disadvantaged Community,cecgis,1581101982706,cecgis,1581101982706,5b4ea4a8-7db5-4cc1-8cb8-12cdd3c5c766
1615,W0459,,Rising Tree II,19.8,57838.08,57838.0,Wind,Operating,,1.0,631065600000.0,1989.0,,,N,,F-10,,Kern,CA,0.0,1.0,0.0,QFER,Tehachapi,Big Creek / Ventura,,Southern California Edison,IOU,CALISO,Kern Air Pollution Control District,Mojave Desert,Mojave,Senate District 16,Assembly District 34,Congressional District 23,70-75%,71.0,,,"<a href="""">Google Earth</a>",,-118.20748567,35.09402376,1017.56208953,,,0.33254908,96.0,Neither Low Income Nor Disadvantaged Community,cecgis,1581101982706,cecgis,1581101982706,9e1befa8-3b3b-43a2-964a-06beecf74c1a
1616,W0420,Manzana Wind LLC; PDV,Manzana,189.0,514106.26,514106.0,Wind,Operating,,1.0,1327708800000.0,2012.0,,,N,,E-10,W3105,Kern,CA,0.0,1.0,0.0,WPRS,Tehachapi,Big Creek / Ventura,,Southern California Edison,IOU,CALISO,Kern Air Pollution Control District,Mojave Desert,Tylerhorse Canyon,Senate District 16,Assembly District 34,Congressional District 23,70-75%,71.0,,,"<a href="""">Google Earth</a>",,-118.46784471,34.94433117,1189.1850869,,,0.30966958,96.0,Neither Low Income Nor Disadvantaged Community,cecgis,1581101982706,cecgis,1581101982706,482f7a72-3bdf-413c-85a0-943c68914afc
1636,W0388,Alta Wind IV Energy Center; CPC East - Alta Wind 4; Alta Wind IV; CPC East - Alta Wind IV,Alta IV,102.0,178295.79,178296.0,Wind,Operating,,1.0,1299888000000.0,2011.0,,,N,,F-10,W2013,Kern,CA,0.0,1.0,0.0,WPRS,Tehachapi,Big Creek / Ventura,,Southern California Edison,IOU,CALISO,Kern Air Pollution Control District,Mojave Desert,Monolith,Senate District 16,Assembly District 36,Congressional District 23,75-80%,79.0,,,"<a href="""">Google Earth</a>",,-118.256026,35.00620537,955.25678066,,,0.19899818,51.0,Low Income and Disadvantaged Community,cecgis,1581101982706,cecgis,1581101982706,b83076e9-7b96-4ba1-a1a2-f926b8363d72
1641,W0374,Difwind Farms LTD VI;  Alta Mesa Pwr. Purch. Contract Trust,Difwinds VI,23.0,34846.7,34847.0,Wind,Operating,,1.0,410227200000.0,1983.0,,,N,,F-10,W528,Kern,CA,0.0,1.0,0.0,WPRS,Tehachapi,Big Creek / Ventura,,Southern California Edison,IOU,CALISO,Kern Air Pollution Control District,Mojave Desert,Mojave,Senate District 16,Assembly District 36,Congressional District 23,75-80%,79.0,,,"<a href="""">Google Earth</a>",,-118.21613059999999,35.06029147,929.09969204,,,0.17248258,51.0,Low Income and Disadvantaged Community,cecgis,1581101982706,cecgis,1581101982706,842feca5-6bac-4b68-8fd0-49f3e6733e6d
1642,W0389,Alta Wind V Energy Center; CPC East - Alta Wind 5; CPC East - Alta Wind V,Alta V,168.0,303955.51,303956.0,Wind,Operating,,1.0,1303344000000.0,2011.0,,,N,,F-10,W2068,Kern,CA,0.0,1.0,0.0,WPRS,Tehachapi,Big Creek / Ventura,,Southern California Edison,IOU,CALISO,Kern Air Pollution Control District,Mojave Desert,Mojave,Senate District 16,Assembly District 36,Congressional District 23,75-80%,79.0,,,"<a href="""">Google Earth</a>",,-118.23765420000001,35.00079663,921.39868235,,,0.20597244,51.0,Low Income and Disadvantaged Community,cecgis,1581101982706,cecgis,1581101982706,7103a254-cf71-46dd-952d-d992d0f81602
1643,W0393,Alta Wind VIII; CPC East - Alta Wind 8; Alta VIII Wind Energy Center,Alta VIII,150.0,277077.09,277077.0,Wind,Operating,,1.0,1328054400000.0,2012.0,,,N,,F-10,W2483,Kern,CA,0.0,1.0,0.0,WPRS,Tehachapi,Big Creek / Ventura,,Southern California Edison,IOU,CALISO,Kern Air Pollution Control District,Mojave Desert,Mojave,Senate District 16,Assembly District 36,Congressional District 23,75-80%,79.0,,,"<a href="""">Google Earth</a>",,-118.24164928,35.03057528,935.12064686,,,0.21028916,51.0,Low Income and Disadvantaged Community,cecgis,1581101982706,cecgis,1581101982706,d0ce342e-afbe-4c04-b34c-f684e02ca46e
1644,W0415,Alta Wind VII; Alta 2012 Alta Wind 7; Alta Wind VII Wind Energy Center; Alta Wind VII,Pinyon Pines I,168.0,339370.64,339371.0,Wind,Operating,,1.0,1354838400000.0,2012.0,,,N,,F-10,W2905,Kern,CA,0.0,1.0,0.0,WPRS,Tehachapi,Big Creek / Ventura,,Southern California Edison,IOU,CALISO,Kern Air Pollution Control District,Mojave Desert,Mojave,Senate District 16,Assembly District 36,Congressional District 23,75-80%,79.0,,,"<a href="""">Google Earth</a>",,-118.21437894,35.03973709,881.49446412,,,0.22997102,51.0,Low Income and Disadvantaged Community,cecgis,1581101982706,cecgis,1581101982706,c98c61ee-339b-4edd-b9d4-06af89c87eeb
1645,W0416,Alta Wind IX; CPC East Alta Wind IX; Alta Wind IX Wind Energy Center; Alta Wind IX,Pinyon Pines II,132.0,244262.48,244262.0,Wind,Operating,,1.0,1356998400000.0,2013.0,,,N,,F-10,W2904,Kern,CA,0.0,1.0,0.0,WPRS,Tehachapi,Big Creek / Ventura,,Southern California Edison,IOU,CALISO,Kern Air Pollution Control District,Mojave Desert,Mojave,Senate District 16,Assembly District 36,Congressional District 23,75-80%,79.0,,,"<a href="""">Google Earth</a>",,-118.20962606,35.01906986,879.47967886,,,0.21066367,51.0,Low Income and Disadvantaged Community,cecgis,1581101982706,cecgis,1581101982706,d1d0e0d7-3fef-48c6-a5ee-ccb4f4432ce9
1646,W0438,,Rising Tree III,99.0,354027.26,354027.0,Wind,Operating,,1.0,1431648000000.0,2015.0,,,N,,F-10,,Kern,CA,0.0,1.0,0.0,,Tehachapi,Big Creek / Ventura,,Southern California Edison,IOU,CALISO,Kern Air Pollution Control District,Mojave Desert,Mojave,Senate District 16,Assembly District 36,Congressional District 23,70-75%,71.0,,,"<a href="""">Google Earth</a>",,-118.24140816,35.05325896,983.96783936,,,0.40710727,96.0,Neither Low Income Nor Disadvantaged Community,cecgis,1581101982706,cecgis,1581101982706,43c0322a-1b50-4d7b-9db9-93d4ede7d925
1647,W0441,Alta 10,Alta X,136.8,366673.67,366674.0,Wind,Operating,,1.0,631065600000.0,1989.0,,,N,,F-10,W3537,Kern,CA,0.0,1.0,0.0,WPRS,Tehachapi,Big Creek / Ventura,,Southern California Edison,IOU,CALISO,Kern Air Pollution Control District,Mojave Desert,Mojave,Senate District 16,Assembly District 36,Congressional District 23,75-80%,79.0,,,"<a href="""">Google Earth</a>",,-118.21338291,35.06999068,949.49388104,,,0.30514179,51.0,Low Income and Disadvantaged Community,cecgis,1581101982706,cecgis,1581101982706,06ce9ca5-8c75-43b7-be7a-189a549f0859
1648,W0408,Brookfield Tehachapi 1; Coram Brodie Wind Project; Coram Brodie 102 MW Tehachapi Expansion Project; Brookfield Tehachapi I (CCDLP),Coram CA,102.0,282009.27,282009.0,Wind,Operating,,1.0,1332979200000.0,2012.0,,,N,,F-10,W2773,Kern,CA,0.0,1.0,0.0,WPRS,Tehachapi,Big Creek / Ventura,,Southern California Edison,IOU,CALISO,Kern Air Pollution Control District,Mojave Desert,Mojave,Senate District 16,Assembly District 36,Congressional District 23,75-80%,79.0,,,"<a href="""">Google Earth</a>",,-118.24803038,35.01525137,945.7406699,,,0.31475343,51.0,Low Income and Disadvantaged Community,cecgis,1581101982706,cecgis,1581101982706,e39c335a-0e60-41d5-b1aa-ceef08825e37
1649,W0367,Pacific Wind - Phase 1,Pacific Wind,143.5,312942.48,312942.0,Wind,Operating,,1.0,452217600000.0,1984.0,,,N,,F-10,W2779,Kern,CA,0.0,1.0,0.0,WPRS,Tehachapi,Big Creek / Ventura,,Southern California Edison,IOU,CALISO,Kern Air Pollution Control District,Mojave Desert,Tylerhorse Canyon,Senate District 16,Assembly District 36,Congressional District 23,55-60%,57.0,,,"<a href="""">Google Earth</a>",,-118.4225222,34.9013,929.18337806,,,0.24826736,90.0,Neither Low Income Nor Disadvantaged Community,cecgis,1581101982706,cecgis,1581101982706,5efd5983-fa43-442b-ab05-c56b9856da5d
1897,W0340,ALTAMONT - 01W146D; Altamont Pass Windplant; USWND2_1_UNITS; Green Ridge Power LLC (100MW-D); Altamont Infrastructure Company - 01W146D; Altamont - 01W146D; WPP90,Windpower 1990 ,15.0,,,Wind,Operating,,1.0,504921600000.0,1986.0,,,N,,C-7,W737,Alameda,CA,0.0,1.0,0.0,WPRS,Altamont,Greater Bay,Contra Costa,Pacific Gas & Electric Company,IOU,CALISO,Bay Area Air Quality Management District,San Francisco Bay,Byron Hot Springs,Senate District 7,Assembly District 16,Congressional District 15,40-45%,42.0,,,"<a href="""">Google Earth</a>",,-121.68643271,37.75693271,327.86621362,,,,219.0,Neither Low Income Nor Disadvantaged Community,cecgis,1581101982706,cecgis,1581101982706,f213995f-c982-45fe-8fb2-047373b34dca
1899,W0348,WEG; Altamont Pass Windplant; Green Ridge Power LLC (70 MW); Altamont Infrastructure Company - 01W018,WEG,5.0,,,Wind,Operating,,1.0,473385600000.0,1985.0,,,N,,C-7,W733,Alameda,CA,0.0,1.0,0.0,WPRS,Altamont,Greater Bay,Contra Costa,Pacific Gas & Electric Company,IOU,CALISO,Bay Area Air Quality Management District,San Francisco Bay,Byron Hot Springs,Senate District 7,Assembly District 16,Congressional District 15,40-45%,42.0,,,"<a href="""">Google Earth</a>",Location unsure,-121.69081494,37.78100726,398.60710711,,,,219.0,Neither Low Income Nor Disadvantaged Community,cecgis,1581101982706,cecgis,1581101982706,6f993186-be4e-4562-89e0-42d17e1c3591
1900,W0453,Altamont Pass Windplant,Windpower 1991,16.3,,,Wind,Operating,,1.0,631065600000.0,1989.0,,,N,,C-7,W733,Alameda,CA,0.0,1.0,0.0,WPRS,Altamont,Greater Bay,Contra Costa,Pacific Gas & Electric Company,IOU,CALISO,Bay Area Air Quality Management District,San Francisco Bay,Byron Hot Springs,Senate District 7,Assembly District 16,Congressional District 15,40-45%,42.0,,,"<a href="""">Google Earth</a>",,-121.70707249,37.77881768,319.63805137,,,,219.0,Neither Low Income Nor Disadvantaged Community,cecgis,1581101982706,cecgis,1581101982706,5a3ca692-435b-49f1-9d0e-052e1d6276be
1904,W0298,Section 22 Trust (San Jacinto); DEVERS_1_QF; San Jacinto Project - Section 22 Trust [San Jacinto]; Seawest Wind Farms; Seawest Industries  Inc.,Seawest,4.38,,,Wind,Operating,,1.0,410227200000.0,1983.0,,,N,,G-12,W513,Alameda,CA,0.0,1.0,0.0,WPRS,Altamont,Greater Bay,,Pacific Gas & Electric Company,IOU,CALISO,Bay Area Air Quality Management District,San Francisco Bay,Altamont,Senate District 7,Assembly District 16,Congressional District 15,40-45%,42.0,,,"<a href="""">Google Earth</a>",,-121.64047636,37.7078729,407.58658191,,,,219.0,Neither Low Income Nor Disadvantaged Community,cecgis,1581101982706,cecgis,1581101982706,88d26b7e-ad79-4cba-b0cb-709d99c3264e
1905,W0323, ,Seawest Energy B,0.98,,,Wind,Operating,,,,,,,N,,C-7,,Alameda,CA,,1.0,0.0,QFER,Altamont,Greater Bay,,Pacific Gas & Electric Company,IOU,CALISO,Bay Area Air Quality Management District,San Francisco Bay,Altamont,Senate District 7,Assembly District 16,Congressional District 15,40-45%,42.0,,,"<a href="""">Google Earth</a>",,-121.64607863,37.71886365,387.51572742,,,,219.0,Neither Low Income Nor Disadvantaged Community,cecgis,1581101982706,cecgis,1581101982706,50e8f52a-ed65-4dcc-b4ca-737c34a6126c
1907,W0333,"ALTAMONT-  01W035;  Altamont Pass Windplant; Green Ridge Power LLC (70MW); Altamont Infrastructure Company - 01W035, Wpp87",Windpower 1987,50.0,,,Wind,Operating,,1.0,567993600000.0,1988.0,,,N,,C-7,W733,Alameda,CA,0.0,1.0,0.0,WPRS,Altamont,Greater Bay,,Pacific Gas & Electric Company,IOU,CALISO,Bay Area Air Quality Management District,San Francisco Bay,Altamont,Senate District 7,Assembly District 16,Congressional District 15,40-45%,42.0,,,"<a href="""">Google Earth</a>",,-121.64940115,37.72804961,335.26431999,,,,219.0,Neither Low Income Nor Disadvantaged Community,cecgis,1581101982706,cecgis,1581101982706,7cf1fe57-5146-446a-8a43-fa97703b9b19
1911,W0322,"Altamont Pass Windplant; Green Ridge Power LLC (110 MW); Green Ridge Power LLC (110 MW-113.1); Altamont Infrastructure Co. - 01W004; Green Ridge Power, LLC",Green Ridge Power,87.6,,,Wind,Operating,,1.0,567993600000.0,1988.0,,,N,,C-7,"W734, W767, W768",Alameda,CA,0.0,1.0,0.0,WPRS,Altamont,Greater Bay,Contra Costa,Pacific Gas & Electric Company,IOU,CALISO,Bay Area Air Quality Management District,San Francisco Bay,Altamont,Senate District 7,Assembly District 16,Congressional District 15,40-45%,42.0,,,"<a href="""">Google Earth</a>",,-121.65644666,37.74151102,306.36152832,,,,219.0,Neither Low Income Nor Disadvantaged Community,cecgis,1581101982706,cecgis,1581101982706,94e57ec5-6daf-4e31-8951-3beb8d587a59
1912,W0331,"Santa Clara - Series 85-C; Santa Clara (85C); ZOND WINDSYSTEMS INC.; Zond Windsystems, Inc.; Santa Clara Wind; 1985 Zond Windsystem Partners Series 85C",Santa Clara 85C,16.02,,,Wind,Operating,,1.0,504748800000.0,1985.0,,,N,,C-7,W3556,Alameda,CA,0.0,1.0,0.0,WPRS,Altamont,Greater Bay,Contra Costa,Pacific Gas & Electric Company,IOU,CALISO,Bay Area Air Quality Management District,San Francisco Bay,Altamont,Senate District 7,Assembly District 16,Congressional District 15,40-45%,42.0,,,"<a href="""">Google Earth</a>",,-121.64590007,37.73980181,276.98057883,,,,219.0,Neither Low Income Nor Disadvantaged Community,cecgis,1581101982706,cecgis,1581101982706,72b8e573-ab4b-4baf-acda-23c8c3d4c4ba
1913,W0336,"Altamont Infrastructure Company - 01W144; Altamont Pass Windplant; Green Ridge Power LLC (110 MW-113.1); Green Ridge Power LLC (110MW); Altamont Infrastructure Company - 01W004; Windpower Partners 1991-2, L.P.; WPP 91-2",Windpower 1991-2,29.7,,,Wind,Operating,,1.0,567993600000.0,1988.0,,,N,,C-7,"W734, W767, W768",Alameda,CA,0.0,1.0,0.0,WPRS,Altamont,Greater Bay,Contra Costa,Pacific Gas & Electric Company,IOU,CALISO,Bay Area Air Quality Management District,San Francisco Bay,Altamont,Senate District 7,Assembly District 16,Congressional District 15,40-45%,42.0,,,"<a href="""">Google Earth</a>",,-121.65297388,37.73227593,337.53769943,,,,219.0,Neither Low Income Nor Disadvantaged Community,cecgis,1581101982706,cecgis,1581101982706,32fac780-1296-43da-b662-c3b4c244eb89
1914,W0337,ALTAMONT - 01W146A; Altamont Pass Windplant; Green Ridge Power LLC (100MW-A); Altamont Infrastructure Company - 01W146A; Windpower Partners 1988,Windpower 1988,30.0,,,Wind,Operating,,1.0,567993600000.0,1988.0,,,N,,C-7,W735,Alameda,CA,0.0,1.0,0.0,WPRS,Altamont,Greater Bay,Contra Costa,Pacific Gas & Electric Company,IOU,CALISO,Bay Area Air Quality Management District,San Francisco Bay,Altamont,Senate District 7,Assembly District 16,Congressional District 15,40-45%,42.0,,,"<a href="""">Google Earth</a>",,-121.65546808,37.74364888,302.64747523,,,,219.0,Neither Low Income Nor Disadvantaged Community,cecgis,1581101982706,cecgis,1581101982706,c64bc8f4-1330-4977-b5a0-1541ecf138b9
1918,W0347,Altamont; Altamont Pass Windplant; Green Ridge Power LLC (70 MW); Altamont Infrastructure Company - 16W011,Altamont,10.0,,,Wind,Operating,,1.0,536457600000.0,1987.0,,,N,,C-7,W733,Alameda,CA,0.0,1.0,0.0,WPRS,Altamont,Greater Bay,Contra Costa,Pacific Gas & Electric Company,IOU,CALISO,Bay Area Air Quality Management District,San Francisco Bay,Altamont,Senate District 7,Assembly District 16,Congressional District 15,40-45%,42.0,,,"<a href="""">Google Earth</a>",Location unsure,-121.69156344,37.73914075,367.63830243,,,,219.0,Neither Low Income Nor Disadvantaged Community,cecgis,1581101982706,cecgis,1581101982706,e3a6cbf9-2f10-43a4-a4d2-f293c37a6456
1920,W0375,Difwind VII; Difwind Farms Ltd VII; Difwind Farms LTD VII,Difwind VII,21.36,,,Wind,Operating,,1.0,536457600000.0,1987.0,,,N,,C-7,,Alameda,CA,0.0,1.0,0.0,WPRS,Altamont,Greater Bay,Contra Costa,Pacific Gas & Electric Company,IOU,CALISO,Bay Area Air Quality Management District,San Francisco Bay,Altamont,Senate District 7,Assembly District 16,Congressional District 15,40-45%,42.0,,,"<a href="""">Google Earth</a>",Location unsure,-121.65257345,37.73681247,330.40716322,,,,219.0,Neither Low Income Nor Disadvantaged Community,cecgis,1581101982706,cecgis,1581101982706,3ab9d00c-169b-4c9e-9ba9-925a014258b6
1921,W0377,DifWind IX,Difwind IX,14.49,,,Wind,Operating,,1.0,1293840000000.0,2011.0,,,N,,C-7,,Alameda,CA,0.0,1.0,0.0,WPRS,Altamont,Greater Bay,Contra Costa,Pacific Gas & Electric Company,IOU,CALISO,Bay Area Air Quality Management District,San Francisco Bay,Altamont,Senate District 7,Assembly District 16,Congressional District 15,40-45%,42.0,,,"<a href="""">Google Earth</a>",,-121.64380368,37.73941284,293.8340666,,,,219.0,Neither Low Income Nor Disadvantaged Community,cecgis,1581101982706,cecgis,1581101982706,11950442-1145-45f7-b342-7a7eb55cea17
1922,W0446,"Altamont Pass Windplant; Green Ridge Power LLC (110 MW-113.1); Green Ridge Power LLC (110MW); Altamont Infrastructure Company - 01W004; Windpower Partners 1992, L.P.; WPP 92; Altamont - 01W004",Windpower 1992,30.0,,,Wind,Operating,,1.0,567993600000.0,1988.0,,,N,,C-7,"W734, W767, W768",Alameda,CA,0.0,1.0,0.0,WPRS,Altamont,Greater Bay,Contra Costa,Pacific Gas & Electric Company,IOU,CALISO,Bay Area Air Quality Management District,San Francisco Bay,Altamont,Senate District 7,Assembly District 16,Congressional District 15,40-45%,42.0,,,"<a href="""">Google Earth</a>",,-121.65554745,37.73361194,316.22840973,,,,219.0,Neither Low Income Nor Disadvantaged Community,cecgis,1581101982706,cecgis,1581101982706,ed17a6f9-0f21-42b7-86cf-eee2e3648f35
1929,W0346,,Altamont Midway,9.04,,,Wind,Operating,,1.0,482457600000.0,1985.0,,,N,,C-7,W561,Alameda,CA,0.0,1.0,0.0,WPRS,Altamont,Stockton,Tesla-Bellota,Pacific Gas & Electric Company,IOU,CALISO,Bay Area Air Quality Management District,San Francisco Bay,Clifton Court Forebay,Senate District 7,Assembly District 16,Congressional District 15,40-45%,42.0,,,"<a href="""">Google Earth</a>",,-121.57903638,37.76729133,74.23371124,,,,219.0,Neither Low Income Nor Disadvantaged Community,cecgis,1581101982706,cecgis,1581101982706,e730d5af-461c-4d32-9439-b3dafc285eb1
1934,W0353, ,Dyer Road,7.36,,,Wind,Operating,,1.0,631065600000.0,1989.0,,,N,,C-7,,Alameda,CA,0.0,1.0,0.0,WPRS,Altamont,,,Pacific Gas & Electric Company,IOU,CALISO,Bay Area Air Quality Management District,San Francisco Bay,Clifton Court Forebay,Senate District 7,Assembly District 16,Congressional District 15,40-45%,42.0,,,"<a href="""">Google Earth</a>",Location unsure,-121.61104751,37.75189875,123.08978590000002,,,,219.0,Neither Low Income Nor Disadvantaged Community,cecgis,1581101982706,cecgis,1581101982706,98bf7caa-bacb-4f72-979f-b1544b69d16b
1935,W0423,Diablo Wind Energy Center; Diablo Winds; Diablo Wind,Diablo ,17.98,78596.99,78597.0,Wind,Operating,,1.0,1354838400000.0,2012.0,,,N,,C-7,W762,Alameda,CA,0.0,1.0,0.0,WPRS,Altamont,,,Pacific Gas & Electric Company,IOU,CALISO,Bay Area Air Quality Management District,San Francisco Bay,Clifton Court Forebay,Senate District 7,Assembly District 16,Congressional District 15,40-45%,42.0,,,"<a href="""">Google Earth</a>",,-121.61735249,37.76182959,138.69211185,,,0.49764994,219.0,Neither Low Income Nor Disadvantaged Community,cecgis,1581101982706,cecgis,1581101982706,9218e697-c290-4226-981e-acb418f9aaa3
1936,W0461,,Golden Hills,85.92,313115.0,313115.0,Wind,Operating,,1.0,1448928000000.0,2015.0,,,N,,C-7,,Alameda,CA,0.0,1.0,0.0,,Altamont,,,Pacific Gas & Electric Company,IOU,CALISO,Bay Area Air Quality Management District,San Francisco Bay,Clifton Court Forebay,Senate District 7,Assembly District 16,Congressional District 15,40-45%,42.0,,,"<a href="""">Google Earth</a>",,-121.61531115,37.77237405,125.31256119999999,,,0.41487501,219.0,Neither Low Income Nor Disadvantaged Community,cecgis,1581101982706,cecgis,1581101982706,c9214b58-87cc-4dc2-983a-66c09537d908
2180,W0409,Ocotillo Wind Energy Facility; Ocotillo 2; Ocotillo Wind Energy Facility; Ocotillo Wind Energy Facility Project,Ocotillo Express,265.44,575314.0,575314.0,Wind,Operating,,1.0,1356652800000.0,2012.0,,,N,,H-13,W3692,Imperial,CA,0.0,1.0,0.0,WPRS,East San Diego,San Diego/ IV Area,,Imperial Irrigation District,,IID,Imperial County Air Pollution Control District,Salton Sea,Carrizo Mountain,Senate District 40,Assembly District 56,Congressional District 51,65-70%,67.0,,,"<a href="""">Google Earth</a>",,-116.04938589,32.75979594,193.71820078,,,0.2467438,59.0,Low Income,cecgis,1581101982706,cecgis,1581101982706,5b6dbce9-020a-43a3-902a-ab01952795ef
2359,W0418,,Milford 2,100.5,189138.0,187634.0,Wind,Operating,,1.0,1276128000000.0,2010.0,,,N,,J-6,,Millard,UT,0.0,1.0,0.0,QFER,,,,,,,,,,,,,,,,,"<a href="""">Google Earth</a>",,-112.91774496,38.59086349,,,,0.21254610000000002,,,cecgis,1581101982706,cecgis,1581101982706,0d6bdbc8-45b2-4b86-a89f-ceb96dfad9df
2360,W0417,,Milford 1,203.5,410212.0,398144.0,Wind,Operating,,1.0,1258329600000.0,2009.0,,,N,,J-6,,Beaver,UT,0.0,1.0,0.0,QFER,,,,,,,,,,,,,,,,,"<a href="""">Google Earth</a>",,-112.95370515,38.55131617,,,,0.22273242,,,cecgis,1581101982706,cecgis,1581101982706,c0eb7bb6-c872-4812-a9fb-6e12e0175d62
6996,W0467,,Tule,131.0,311385.46,311385.0,Wind,Operating,,1.0,1515110400000.0,2018.0,,,N,,,,San Diego,CA,0.0,1.0,0.0,WPRS,East San Diego,San Diego/ IV Area,San Diego,San Diego Gas & Electric,IOU,CALISO,San Diego County Air Pollution Control District,San Diego County,Sombrero Peak,Senate District 40,Assembly District 71,,55-60%,55.0,,,,,-116.30163249,32.76220205,1241.51772281,,,0.27060391,66.0,,cecgis,1581101982706,cecgis,1581101982706,c059393a-33eb-4bc0-b747-e2f800d867ae
8200,W0468,,Golden Hills North,46.0,185406.0,185406.0,Wind,Operating,,1.0,1510099200000.0,2017.0,,,N,,,,Alameda,CA,0.0,1.0,0.0,QFER,Altamont,Greater Bay,Contra Costa,Pacific Gas & Electric Company,IOU,CALISO,Bay Area Air Quality Management District,San Francisco Bay,Byron Hot Springs,Senate District 7,Assembly District 16,,40-45%,42.0,,,,,-121.63185178,37.76728995,211.17281268,,,0.45885305,219.0,,cecgis,1581101982706,cecgis,1581101982706,15b9013e-40a3-42cf-86d8-e8427af55d52
9808,W0469,,Alite,24.0,,,Wind,Operating,,,,2018.0,,,N,,,,Kern,CA,,1.0,0.0,WPRS,Tehachapi,Big Creek / Ventura,,Southern California Edison,IOU,CALISO,Kern Air Pollution Control District,Mojave Desert,Monolith,Senate District 16,Assembly District 34,,70-75%,71.0,,,,,-118.34524612,35.03523992,1284.46686255,,,,96.0,,cecgis,1581101982706,cecgis,1581101982706,6222a99e-c457-4230-a3c8-715117a2e4b0
10252,W0266,,CTV 6029,7.5,,,Wind,Operating,,1.0,1401753600000.0,2014.0,,,N,,,,Kern,CA,0.0,1.0,0.0,,Tehachapi,Big Creek / Ventura,,Southern California Edison,IOU,CALISO,Kern Air Pollution Control District,Mojave Desert,Monolith,Senate District 16,Assembly District 34,Congressional District 34,70-75%,71.0,,,,,-118.341894,35.058014,1268.43618394,,,,,,cecgis,1581101982706,cecgis,1581101982706,b341f508-92ef-4f6c-8e74-b0753fb951bd
10253,W0280,,CTV,3.0,,,Wind,Operating,,1.0,378691200000.0,1982.0,,,N,,,,Kern,CA,0.0,1.0,0.0,,Tehachapi,Big Creek / Ventura,,Southern California Edison,IOU,CALISO,Kern Air Pollution Control District,Mojave Desert,Monolith,Senate District 16,Assembly District 34,Congressional District 34,70-75%,71.0,,,,,-118.341894,35.058014,1268.43618394,,,,,,cecgis,1581101982706,cecgis,1581101982706,b7e4b233-ee2c-4bc3-92a5-38471a778c34
10254,W0294,,CTV 6089,4.5,,,Wind,Operating,,1.0,378691200000.0,1982.0,,,N,,,,Kern,CA,0.0,1.0,0.0,,Tehachapi,Big Creek / Ventura,,Southern California Edison,IOU,CALISO,Kern Air Pollution Control District,Mojave Desert,Tehachapi South,Senate District 16,Assembly District 34,Congressional District 34,70-75%,71.0,,,,,-118.3751397,35.07755561,1479.28228011,,,,,,cecgis,1581101982706,cecgis,1581101982706,11d4089a-659a-47b1-a990-48b40800f9f5
10266,W0471,,Voyager 2,128.7,12867.56,12868.0,Wind,Operating,,1.0,1541548800000.0,2018.0,,,N,,,,Kern,CA,0.0,1.0,0.0,WPRS,Tehachapi,Big Creek / Ventura,,Southern California Edison,IOU,CALISO,Kern Air Pollution Control District,Mojave Desert,Monolith,Senate District 16,Assembly District 34,,70-75%,71.0,,,,,-118.27620188,35.04967256,1092.25348192,,,0.01138257,,,cecgis,1581101982706,cecgis,1581101982706,00fcef97-d22e-4264-af2d-905c13530781
10267,W0472,,Voyager 3,43.2,1098.1,1098.0,Wind,Operating,,1.0,1545523200000.0,2018.0,,,N,,,,Kern,CA,0.0,1.0,0.0,WPRS,Tehachapi,Big Creek / Ventura,,Southern California Edison,IOU,CALISO,Kern Air Pollution Control District,Mojave Desert,Monolith,Senate District 16,Assembly District 34,,70-75%,71.0,,,,,-118.27589841,35.047969,1084.59239254,,,0.00289352,,,cecgis,1581101982706,cecgis,1581101982706,358da3d6-e981-4237-aeb5-801b6a364fc4
10268,W0473,,Voyager 4,21.6,1571.65,1572.0,Wind,Operating,,1.0,1545264000000.0,2018.0,,,N,,,,Kern,CA,0.0,1.0,0.0,<Null>,Tehachapi,Big Creek / Ventura,,Southern California Edison,IOU,CALISO,Kern Air Pollution Control District,Mojave Desert,Monolith,Senate District 16,Assembly District 34,,70-75%,71.0,,,,,-118.27260364,35.05112766,1093.65527336,,,0.00828527,,,cecgis,1581101982706,cecgis,1581101982706,226ca8eb-b2d4-4eb3-956c-cbc70a604f95
